in s,C1 in V
-2.34730E-01,2.32584E-02
-2.34727E-01,2.34872E-02
-2.34724E-01,2.29532E-02
-2.34720E-01,2.34109E-02
-2.34717E-01,2.41739E-02
-2.34714E-01,2.39450E-02
-2.34711E-01,2.37924E-02
-2.34707E-01,2.46317E-02
-2.34704E-01,2.39450E-02
-2.34701E-01,2.39450E-02
-2.34697E-01,2.38687E-02
-2.34694E-01,2.47079E-02
-2.34691E-01,2.46317E-02
-2.34688E-01,2.48605E-02
-2.34684E-01,2.47842E-02
-2.34681E-01,2.43265E-02
-2.34678E-01,2.36398E-02
-2.34674E-01,2.38687E-02
-2.34671E-01,2.38687E-02
-2.34668E-01,2.31821E-02
-2.34664E-01,2.40213E-02
-2.34661E-01,2.33347E-02
-2.34658E-01,2.40213E-02
-2.34655E-01,2.51657E-02
-2.34651E-01,2.59286E-02
-2.34648E-01,2.58524E-02
-2.34645E-01,2.60049E-02
-2.34641E-01,2.68442E-02
-2.34638E-01,2.78360E-02
-2.34635E-01,2.64627E-02
-2.34631E-01,2.69205E-02
-2.34628E-01,2.73782E-02
-2.34625E-01,2.85989E-02
-2.34622E-01,2.84464E-02
-2.34618E-01,2.88278E-02
-2.34615E-01,2.80649E-02
-2.34612E-01,2.80649E-02
-2.34608E-01,2.78360E-02
-2.34605E-01,2.72256E-02
-2.34602E-01,2.72256E-02
-2.34599E-01,2.69205E-02
-2.34595E-01,2.64627E-02
-2.34592E-01,2.55472E-02
-2.34589E-01,2.62338E-02
-2.34585E-01,2.59286E-02
-2.34582E-01,2.57761E-02
-2.34579E-01,2.67679E-02
-2.34575E-01,2.63864E-02
-2.34572E-01,2.68442E-02
-2.34569E-01,2.68442E-02
-2.34566E-01,2.73019E-02
-2.34562E-01,2.80649E-02
-2.34559E-01,2.83701E-02
-2.34556E-01,2.82938E-02
-2.34552E-01,2.84464E-02
-2.34549E-01,2.85989E-02
-2.34546E-01,2.73782E-02
-2.34542E-01,2.69205E-02
-2.34539E-01,2.66153E-02
-2.34536E-01,2.51657E-02
-2.34533E-01,2.62338E-02
-2.34529E-01,2.61575E-02
-2.34526E-01,2.57761E-02
-2.34523E-01,2.54709E-02
-2.34519E-01,2.59286E-02
-2.34516E-01,2.54709E-02
-2.34513E-01,2.56998E-02
-2.34510E-01,2.57761E-02
-2.34506E-01,2.60812E-02
-2.34503E-01,2.52420E-02
-2.34500E-01,2.53946E-02
-2.34496E-01,2.44028E-02
-2.34493E-01,2.43265E-02
-2.34490E-01,2.46317E-02
-2.34486E-01,2.49368E-02
-2.34483E-01,2.54709E-02
-2.34480E-01,2.52420E-02
-2.34477E-01,2.50894E-02
-2.34473E-01,2.50894E-02
-2.34470E-01,2.47079E-02
-2.34467E-01,2.45554E-02
-2.34463E-01,2.44028E-02
-2.34460E-01,2.32584E-02
-2.34457E-01,2.34109E-02
-2.34454E-01,2.32584E-02
-2.34450E-01,2.31058E-02
-2.34447E-01,2.36398E-02
-2.34444E-01,2.32584E-02
-2.34440E-01,2.37924E-02
-2.34437E-01,2.44028E-02
-2.34434E-01,2.45554E-02
-2.34430E-01,2.47842E-02
-2.34427E-01,2.61575E-02
-2.34424E-01,2.63101E-02
-2.34421E-01,2.66153E-02
-2.34417E-01,2.58524E-02
-2.34414E-01,2.60812E-02
-2.34411E-01,2.63101E-02
-2.34407E-01,2.60049E-02
-2.34404E-01,2.69968E-02
-2.34401E-01,2.69205E-02
-2.34397E-01,2.80649E-02
-2.34394E-01,2.74545E-02
-2.34391E-01,2.76071E-02
-2.34388E-01,2.74545E-02
-2.34384E-01,2.73782E-02
-2.34381E-01,2.69968E-02
-2.34378E-01,2.77597E-02
-2.34374E-01,2.71494E-02
-2.34371E-01,2.62338E-02
-2.34368E-01,2.68442E-02
-2.34365E-01,2.55472E-02
-2.34361E-01,2.56235E-02
-2.34358E-01,2.50894E-02
-2.34355E-01,2.53183E-02
-2.34351E-01,2.47842E-02
-2.34348E-01,2.44791E-02
-2.34345E-01,2.52420E-02
-2.34341E-01,2.54709E-02
-2.34338E-01,2.59286E-02
-2.34335E-01,2.65390E-02
-2.34332E-01,2.61575E-02
-2.34328E-01,2.73782E-02
-2.34325E-01,2.76071E-02
-2.34322E-01,2.72256E-02
-2.34318E-01,2.68442E-02
-2.34315E-01,2.69205E-02
-2.34312E-01,2.77597E-02
-2.34308E-01,2.73019E-02
-2.34305E-01,2.69205E-02
-2.34302E-01,2.74545E-02
-2.34299E-01,2.67679E-02
-2.34295E-01,2.59286E-02
-2.34292E-01,2.59286E-02
-2.34289E-01,2.50131E-02
-2.34285E-01,2.54709E-02
-2.34282E-01,2.50131E-02
-2.34279E-01,2.56998E-02
-2.34276E-01,2.49368E-02
-2.34272E-01,2.50131E-02
-2.34269E-01,2.49368E-02
-2.34266E-01,2.47842E-02
-2.34262E-01,2.44028E-02
-2.34259E-01,2.51657E-02
-2.34256E-01,2.49368E-02
-2.34252E-01,2.47079E-02
-2.34249E-01,2.49368E-02
-2.34246E-01,2.50131E-02
-2.34243E-01,2.50131E-02
-2.34239E-01,2.50131E-02
-2.34236E-01,2.51657E-02
-2.34233E-01,2.67679E-02
-2.34229E-01,2.61575E-02
-2.34226E-01,2.73782E-02
-2.34223E-01,2.76071E-02
-2.34219E-01,2.79886E-02
-2.34216E-01,2.76071E-02
-2.34213E-01,2.78360E-02
-2.34210E-01,2.76071E-02
-2.34206E-01,2.79123E-02
-2.34203E-01,2.78360E-02
-2.34200E-01,2.76071E-02
-2.34196E-01,2.79886E-02
-2.34193E-01,2.79886E-02
-2.34190E-01,2.83701E-02
-2.34187E-01,2.79886E-02
-2.34183E-01,2.78360E-02
-2.34180E-01,2.78360E-02
-2.34177E-01,2.71494E-02
-2.34173E-01,2.74545E-02
-2.34170E-01,2.75308E-02
-2.34167E-01,2.76834E-02
-2.34163E-01,2.71494E-02
-2.34160E-01,2.67679E-02
-2.34157E-01,2.66916E-02
-2.34154E-01,2.67679E-02
-2.34150E-01,2.72256E-02
-2.34147E-01,2.78360E-02
-2.34144E-01,2.79886E-02
-2.34140E-01,2.76071E-02
-2.34137E-01,2.77597E-02
-2.34134E-01,2.76834E-02
-2.34130E-01,2.69205E-02
-2.34127E-01,2.78360E-02
-2.34124E-01,2.82938E-02
-2.34121E-01,2.87515E-02
-2.34117E-01,2.86752E-02
-2.34114E-01,2.84464E-02
-2.34111E-01,2.89041E-02
-2.34107E-01,2.89804E-02
-2.34104E-01,2.88278E-02
-2.34101E-01,2.89041E-02
-2.34098E-01,2.88278E-02
-2.34094E-01,2.92093E-02
-2.34091E-01,2.79123E-02
-2.34088E-01,2.82938E-02
-2.34084E-01,2.89041E-02
-2.34081E-01,2.89041E-02
-2.34078E-01,2.86752E-02
-2.34074E-01,2.92856E-02
-2.34071E-01,2.89804E-02
-2.34068E-01,2.89041E-02
-2.34065E-01,2.88278E-02
-2.34061E-01,2.93619E-02
-2.34058E-01,2.94382E-02
-2.34055E-01,2.90567E-02
-2.34051E-01,2.99722E-02
-2.34048E-01,2.95145E-02
-2.34045E-01,2.90567E-02
-2.34042E-01,2.98196E-02
-2.34038E-01,2.83701E-02
-2.34035E-01,2.80649E-02
-2.34032E-01,2.81412E-02
-2.34028E-01,2.77597E-02
-2.34025E-01,2.77597E-02
-2.34022E-01,2.89804E-02
-2.34018E-01,2.98959E-02
-2.34015E-01,2.98196E-02
-2.34012E-01,3.05826E-02
-2.34009E-01,3.05826E-02
-2.34005E-01,3.10403E-02
-2.34002E-01,3.18796E-02
-2.33999E-01,3.23373E-02
-2.33995E-01,3.23373E-02
-2.33992E-01,3.19559E-02
-2.33989E-01,3.27188E-02
-2.33985E-01,3.24899E-02
-2.33982E-01,3.17270E-02
-2.33979E-01,3.17270E-02
-2.33976E-01,3.08878E-02
-2.33972E-01,3.16507E-02
-2.33969E-01,3.11929E-02
-2.33966E-01,3.13455E-02
-2.33962E-01,3.02011E-02
-2.33959E-01,2.98959E-02
-2.33956E-01,2.98959E-02
-2.33953E-01,2.95145E-02
-2.33949E-01,2.85226E-02
-2.33946E-01,2.88278E-02
-2.33943E-01,2.80649E-02
-2.33939E-01,2.74545E-02
-2.33936E-01,2.81412E-02
-2.33933E-01,2.77597E-02
-2.33929E-01,2.80649E-02
-2.33926E-01,2.82175E-02
-2.33923E-01,2.87515E-02
-2.33920E-01,2.78360E-02
-2.33916E-01,2.79123E-02
-2.33913E-01,2.81412E-02
-2.33910E-01,2.86752E-02
-2.33906E-01,2.82175E-02
-2.33903E-01,2.86752E-02
-2.33900E-01,2.92093E-02
-2.33896E-01,2.92856E-02
-2.33893E-01,2.91330E-02
-2.33890E-01,2.96671E-02
-2.33887E-01,2.94382E-02
-2.33883E-01,2.98959E-02
-2.33880E-01,2.97433E-02
-2.33877E-01,2.89804E-02
-2.33873E-01,2.93619E-02
-2.33870E-01,2.95145E-02
-2.33867E-01,2.94382E-02
-2.33864E-01,2.83701E-02
-2.33860E-01,2.77597E-02
-2.33857E-01,2.76071E-02
-2.33854E-01,2.68442E-02
-2.33850E-01,2.76834E-02
-2.33847E-01,2.81412E-02
-2.33844E-01,2.79886E-02
-2.33840E-01,2.81412E-02
-2.33837E-01,2.82175E-02
-2.33834E-01,2.83701E-02
-2.33831E-01,2.81412E-02
-2.33827E-01,2.78360E-02
-2.33824E-01,2.78360E-02
-2.33821E-01,2.75308E-02
-2.33817E-01,2.74545E-02
-2.33814E-01,2.71494E-02
-2.33811E-01,2.77597E-02
-2.33807E-01,2.68442E-02
-2.33804E-01,2.68442E-02
-2.33801E-01,2.63101E-02
-2.33798E-01,2.66153E-02
-2.33794E-01,2.65390E-02
-2.33791E-01,2.66916E-02
-2.33788E-01,2.69968E-02
-2.33784E-01,2.73782E-02
-2.33781E-01,2.75308E-02
-2.33778E-01,2.76071E-02
-2.33775E-01,2.83701E-02
-2.33771E-01,2.92093E-02
-2.33768E-01,2.84464E-02
-2.33765E-01,2.88278E-02
-2.33761E-01,2.90567E-02
-2.33758E-01,2.82175E-02
-2.33755E-01,2.86752E-02
-2.33751E-01,2.82938E-02
-2.33748E-01,2.88278E-02
-2.33745E-01,2.87515E-02
-2.33742E-01,2.85989E-02
-2.33738E-01,2.84464E-02
-2.33735E-01,2.90567E-02
-2.33732E-01,2.96671E-02
-2.33728E-01,3.01248E-02
-2.33725E-01,2.97433E-02
-2.33722E-01,2.98959E-02
-2.33718E-01,2.97433E-02
-2.33715E-01,2.94382E-02
-2.33712E-01,3.02774E-02
-2.33709E-01,3.01248E-02
-2.33705E-01,2.90567E-02
-2.33702E-01,2.96671E-02
-2.33699E-01,2.88278E-02
-2.33695E-01,2.90567E-02
-2.33692E-01,2.92856E-02
-2.33689E-01,2.88278E-02
-2.33686E-01,2.89804E-02
-2.33682E-01,2.86752E-02
-2.33679E-01,2.82938E-02
-2.33676E-01,2.85226E-02
-2.33672E-01,2.85226E-02
-2.33669E-01,2.85226E-02
-2.33666E-01,2.82938E-02
-2.33662E-01,2.78360E-02
-2.33659E-01,2.79123E-02
-2.33656E-01,2.85226E-02
-2.33653E-01,2.84464E-02
-2.33649E-01,2.89041E-02
-2.33646E-01,2.85989E-02
-2.33643E-01,2.88278E-02
-2.33639E-01,2.85226E-02
-2.33636E-01,2.84464E-02
-2.33633E-01,2.87515E-02
-2.33630E-01,2.88278E-02
-2.33626E-01,2.88278E-02
-2.33623E-01,2.89804E-02
-2.33620E-01,2.87515E-02
-2.33616E-01,2.89041E-02
-2.33613E-01,2.85989E-02
-2.33610E-01,2.82175E-02
-2.33606E-01,2.82938E-02
-2.33603E-01,2.72256E-02
-2.33600E-01,2.70731E-02
-2.33597E-01,2.73782E-02
-2.33593E-01,2.77597E-02
-2.33590E-01,2.73782E-02
-2.33587E-01,2.75308E-02
-2.33583E-01,2.70731E-02
-2.33580E-01,2.82175E-02
-2.33577E-01,2.81412E-02
-2.33573E-01,2.89041E-02
-2.33570E-01,2.79886E-02
-2.33567E-01,2.84464E-02
-2.33564E-01,2.82175E-02
-2.33560E-01,2.85989E-02
-2.33557E-01,2.85989E-02
-2.33554E-01,2.91330E-02
-2.33550E-01,2.85989E-02
-2.33547E-01,2.89041E-02
-2.33544E-01,2.95145E-02
-2.33541E-01,2.96671E-02
-2.33537E-01,2.89041E-02
-2.33534E-01,2.92093E-02
-2.33531E-01,2.88278E-02
-2.33527E-01,2.91330E-02
-2.33524E-01,2.89804E-02
-2.33521E-01,2.92856E-02
-2.33517E-01,2.88278E-02
-2.33514E-01,2.96671E-02
-2.33511E-01,2.97433E-02
-2.33508E-01,3.00485E-02
-2.33504E-01,2.97433E-02
-2.33501E-01,2.92856E-02
-2.33498E-01,2.88278E-02
-2.33494E-01,2.89041E-02
-2.33491E-01,2.90567E-02
-2.33488E-01,2.86752E-02
-2.33484E-01,2.92093E-02
-2.33481E-01,2.91330E-02
-2.33478E-01,2.88278E-02
-2.33475E-01,2.90567E-02
-2.33471E-01,2.90567E-02
-2.33468E-01,2.89041E-02
-2.33465E-01,2.91330E-02
-2.33461E-01,2.93619E-02
-2.33458E-01,2.96671E-02
-2.33455E-01,2.98196E-02
-2.33452E-01,3.02011E-02
-2.33448E-01,2.99722E-02
-2.33445E-01,3.00485E-02
-2.33442E-01,2.89804E-02
-2.33438E-01,2.90567E-02
-2.33435E-01,2.85226E-02
-2.33432E-01,2.85226E-02
-2.33428E-01,2.91330E-02
-2.33425E-01,2.92856E-02
-2.33422E-01,2.93619E-02
-2.33419E-01,2.99722E-02
-2.33415E-01,2.97433E-02
-2.33412E-01,3.00485E-02
-2.33409E-01,3.04300E-02
-2.33405E-01,3.11929E-02
-2.33402E-01,3.07352E-02
-2.33399E-01,3.08878E-02
-2.33395E-01,3.16507E-02
-2.33392E-01,3.14981E-02
-2.33389E-01,3.23373E-02
-2.33386E-01,3.34055E-02
-2.33382E-01,3.44736E-02
-2.33379E-01,3.14981E-02
-2.33376E-01,3.22610E-02
-2.33372E-01,3.09641E-02
-2.33369E-01,3.05826E-02
-2.33366E-01,3.11929E-02
-2.33363E-01,3.08115E-02
-2.33359E-01,3.02011E-02
-2.33356E-01,3.01248E-02
-2.33353E-01,2.98959E-02
-2.33349E-01,2.95145E-02
-2.33346E-01,2.86752E-02
-2.33343E-01,2.88278E-02
-2.33339E-01,2.80649E-02
-2.33336E-01,2.84464E-02
-2.33333E-01,2.85989E-02
-2.33330E-01,2.80649E-02
-2.33326E-01,2.80649E-02
-2.33323E-01,2.74545E-02
-2.33320E-01,2.70731E-02
-2.33316E-01,2.66153E-02
-2.33313E-01,2.66916E-02
-2.33310E-01,2.63101E-02
-2.33306E-01,2.64627E-02
-2.33303E-01,2.66153E-02
-2.33300E-01,2.65390E-02
-2.33297E-01,2.62338E-02
-2.33293E-01,2.66916E-02
-2.33290E-01,2.66916E-02
-2.33287E-01,2.74545E-02
-2.33283E-01,2.73019E-02
-2.33280E-01,2.80649E-02
-2.33277E-01,2.84464E-02
-2.33274E-01,2.95145E-02
-2.33270E-01,2.92093E-02
-2.33267E-01,2.89804E-02
-2.33264E-01,2.94382E-02
-2.33260E-01,2.85989E-02
-2.33257E-01,2.85989E-02
-2.33254E-01,2.81412E-02
-2.33250E-01,2.78360E-02
-2.33247E-01,2.79886E-02
-2.33244E-01,2.79886E-02
-2.33241E-01,2.72256E-02
-2.33237E-01,2.74545E-02
-2.33234E-01,2.72256E-02
-2.33231E-01,2.78360E-02
-2.33227E-01,2.76071E-02
-2.33224E-01,2.81412E-02
-2.33221E-01,2.95145E-02
-2.33218E-01,2.97433E-02
-2.33214E-01,2.92093E-02
-2.33211E-01,2.98196E-02
-2.33208E-01,2.97433E-02
-2.33204E-01,2.97433E-02
-2.33201E-01,3.01248E-02
-2.33198E-01,2.91330E-02
-2.33194E-01,2.88278E-02
-2.33191E-01,2.89804E-02
-2.33188E-01,2.89041E-02
-2.33185E-01,2.91330E-02
-2.33181E-01,2.97433E-02
-2.33178E-01,2.98959E-02
-2.33175E-01,2.96671E-02
-2.33171E-01,3.03537E-02
-2.33168E-01,2.98959E-02
-2.33165E-01,3.02774E-02
-2.33161E-01,2.93619E-02
-2.33158E-01,2.85989E-02
-2.33155E-01,2.94382E-02
-2.33152E-01,2.94382E-02
-2.33148E-01,2.89804E-02
-2.33145E-01,2.89041E-02
-2.33142E-01,2.95908E-02
-2.33138E-01,2.91330E-02
-2.33135E-01,2.88278E-02
-2.33132E-01,2.93619E-02
-2.33129E-01,2.94382E-02
-2.33125E-01,2.96671E-02
-2.33122E-01,2.91330E-02
-2.33119E-01,2.94382E-02
-2.33115E-01,2.94382E-02
-2.33112E-01,2.95145E-02
-2.33109E-01,2.98196E-02
-2.33105E-01,2.98959E-02
-2.33102E-01,3.01248E-02
-2.33099E-01,3.00485E-02
-2.33096E-01,3.00485E-02
-2.33092E-01,2.82175E-02
-2.33089E-01,2.77597E-02
-2.33086E-01,2.79123E-02
-2.33082E-01,2.74545E-02
-2.33079E-01,2.74545E-02
-2.33076E-01,2.70731E-02
-2.33072E-01,2.68442E-02
-2.33069E-01,2.72256E-02
-2.33066E-01,2.71494E-02
-2.33063E-01,2.65390E-02
-2.33059E-01,2.73019E-02
-2.33056E-01,2.85989E-02
-2.33053E-01,2.83701E-02
-2.33049E-01,2.83701E-02
-2.33046E-01,2.87515E-02
-2.33043E-01,2.85989E-02
-2.33040E-01,2.79886E-02
-2.33036E-01,2.83701E-02
-2.33033E-01,2.78360E-02
-2.33030E-01,2.79886E-02
-2.33026E-01,2.78360E-02
-2.33023E-01,2.78360E-02
-2.33020E-01,2.86752E-02
-2.33016E-01,2.90567E-02
-2.33013E-01,2.98959E-02
-2.33010E-01,3.01248E-02
-2.33007E-01,3.06589E-02
-2.33003E-01,3.05063E-02
-2.33000E-01,3.02774E-02
-2.32997E-01,3.13455E-02
-2.32993E-01,3.08115E-02
-2.32990E-01,3.08115E-02
-2.32987E-01,3.01248E-02
-2.32983E-01,3.01248E-02
-2.32980E-01,3.03537E-02
-2.32977E-01,2.95908E-02
-2.32974E-01,3.02011E-02
-2.32970E-01,2.98959E-02
-2.32967E-01,3.03537E-02
-2.32964E-01,3.08115E-02
-2.32960E-01,3.11166E-02
-2.32957E-01,3.15744E-02
-2.32954E-01,3.18796E-02
-2.32951E-01,3.14981E-02
-2.32947E-01,3.14981E-02
-2.32944E-01,3.13455E-02
-2.32941E-01,3.11166E-02
-2.32937E-01,3.07352E-02
-2.32934E-01,3.05826E-02
-2.32931E-01,2.92856E-02
-2.32927E-01,2.95145E-02
-2.32924E-01,2.99722E-02
-2.32921E-01,2.95145E-02
-2.32918E-01,3.01248E-02
-2.32914E-01,2.98196E-02
-2.32911E-01,2.90567E-02
-2.32908E-01,2.98196E-02
-2.32904E-01,2.95908E-02
-2.32901E-01,2.97433E-02
-2.32898E-01,3.05063E-02
-2.32894E-01,3.02774E-02
-2.32891E-01,2.98959E-02
-2.32888E-01,3.01248E-02
-2.32885E-01,3.06589E-02
-2.32881E-01,3.06589E-02
-2.32878E-01,3.02011E-02
-2.32875E-01,2.99722E-02
-2.32871E-01,3.01248E-02
-2.32868E-01,3.00485E-02
-2.32865E-01,2.97433E-02
-2.32862E-01,2.94382E-02
-2.32858E-01,2.88278E-02
-2.32855E-01,2.85989E-02
-2.32852E-01,2.90567E-02
-2.32848E-01,2.84464E-02
-2.32845E-01,2.87515E-02
-2.32842E-01,2.91330E-02
-2.32838E-01,2.90567E-02
-2.32835E-01,2.91330E-02
-2.32832E-01,2.90567E-02
-2.32829E-01,2.90567E-02
-2.32825E-01,2.88278E-02
-2.32822E-01,2.91330E-02
-2.32819E-01,2.95908E-02
-2.32815E-01,2.89041E-02
-2.32812E-01,2.88278E-02
-2.32809E-01,2.85989E-02
-2.32806E-01,2.92856E-02
-2.32802E-01,2.93619E-02
-2.32799E-01,2.90567E-02
-2.32796E-01,3.01248E-02
-2.32792E-01,2.96671E-02
-2.32789E-01,2.95908E-02
-2.32786E-01,2.90567E-02
-2.32782E-01,2.94382E-02
-2.32779E-01,2.91330E-02
-2.32776E-01,2.93619E-02
-2.32773E-01,2.99722E-02
-2.32769E-01,2.95908E-02
-2.32766E-01,2.97433E-02
-2.32763E-01,2.95908E-02
-2.32759E-01,3.04300E-02
-2.32756E-01,3.02774E-02
-2.32753E-01,3.09641E-02
-2.32749E-01,3.05063E-02
-2.32746E-01,2.98959E-02
-2.32743E-01,3.00485E-02
-2.32740E-01,2.92093E-02
-2.32736E-01,2.93619E-02
-2.32733E-01,2.91330E-02
-2.32730E-01,2.89041E-02
-2.32726E-01,2.93619E-02
-2.32723E-01,2.89041E-02
-2.32720E-01,2.95145E-02
-2.32717E-01,2.91330E-02
-2.32713E-01,2.85226E-02
-2.32710E-01,2.84464E-02
-2.32707E-01,2.85989E-02
-2.32703E-01,2.80649E-02
-2.32700E-01,2.83701E-02
-2.32697E-01,2.85989E-02
-2.32693E-01,2.82175E-02
-2.32690E-01,2.80649E-02
-2.32687E-01,2.86752E-02
-2.32684E-01,2.89804E-02
-2.32680E-01,2.95145E-02
-2.32677E-01,2.97433E-02
-2.32674E-01,2.98959E-02
-2.32670E-01,2.98196E-02
-2.32667E-01,2.98196E-02
-2.32664E-01,2.97433E-02
-2.32660E-01,2.92856E-02
-2.32657E-01,2.98959E-02
-2.32654E-01,2.99722E-02
-2.32651E-01,3.02011E-02
-2.32647E-01,3.09641E-02
-2.32644E-01,3.08878E-02
-2.32641E-01,3.10403E-02
-2.32637E-01,3.14218E-02
-2.32634E-01,3.18796E-02
-2.32631E-01,3.15744E-02
-2.32628E-01,3.27951E-02
-2.32624E-01,3.20322E-02
-2.32621E-01,3.13455E-02
-2.32618E-01,3.16507E-02
-2.32614E-01,3.20322E-02
-2.32611E-01,3.24136E-02
-2.32608E-01,3.34818E-02
-2.32604E-01,3.27951E-02
-2.32601E-01,3.28714E-02
-2.32598E-01,3.23373E-02
-2.32595E-01,3.21085E-02
-2.32591E-01,3.18796E-02
-2.32588E-01,3.14981E-02
-2.32585E-01,3.14981E-02
-2.32581E-01,3.11166E-02
-2.32578E-01,3.13455E-02
-2.32575E-01,3.02011E-02
-2.32571E-01,3.12692E-02
-2.32568E-01,3.06589E-02
-2.32565E-01,3.02774E-02
-2.32562E-01,2.91330E-02
-2.32558E-01,2.89804E-02
-2.32555E-01,2.87515E-02
-2.32552E-01,2.76834E-02
-2.32548E-01,2.84464E-02
-2.32545E-01,2.82938E-02
-2.32542E-01,2.81412E-02
-2.32539E-01,2.85226E-02
-2.32535E-01,2.80649E-02
-2.32532E-01,2.84464E-02
-2.32529E-01,2.86752E-02
-2.32525E-01,2.84464E-02
-2.32522E-01,2.78360E-02
-2.32519E-01,2.78360E-02
-2.32515E-01,2.69968E-02
-2.32512E-01,2.70731E-02
-2.32509E-01,2.73019E-02
-2.32506E-01,2.75308E-02
-2.32502E-01,2.84464E-02
-2.32499E-01,2.82938E-02
-2.32496E-01,2.82175E-02
-2.32492E-01,2.78360E-02
-2.32489E-01,2.85226E-02
-2.32486E-01,2.87515E-02
-2.32482E-01,2.89804E-02
-2.32479E-01,2.96671E-02
-2.32476E-01,3.00485E-02
-2.32473E-01,2.96671E-02
-2.32469E-01,3.05826E-02
-2.32466E-01,3.02774E-02
-2.32463E-01,2.95908E-02
-2.32459E-01,3.05063E-02
-2.32456E-01,3.09641E-02
-2.32453E-01,3.08115E-02
-2.32450E-01,3.09641E-02
-2.32446E-01,3.05826E-02
-2.32443E-01,3.04300E-02
-2.32440E-01,3.02011E-02
-2.32436E-01,2.92093E-02
-2.32433E-01,2.90567E-02
-2.32430E-01,2.96671E-02
-2.32426E-01,2.87515E-02
-2.32423E-01,2.93619E-02
-2.32420E-01,2.91330E-02
-2.32417E-01,2.89804E-02
-2.32413E-01,2.92856E-02
-2.32410E-01,2.97433E-02
-2.32407E-01,2.99722E-02
-2.32403E-01,2.95908E-02
-2.32400E-01,3.05063E-02
-2.32397E-01,2.98196E-02
-2.32394E-01,3.05826E-02
-2.32390E-01,3.05063E-02
-2.32387E-01,2.97433E-02
-2.32384E-01,2.99722E-02
-2.32380E-01,3.04300E-02
-2.32377E-01,3.06589E-02
-2.32374E-01,3.08878E-02
-2.32370E-01,3.05063E-02
-2.32367E-01,3.06589E-02
-2.32364E-01,3.03537E-02
-2.32361E-01,3.07352E-02
-2.32357E-01,3.08878E-02
-2.32354E-01,3.05063E-02
-2.32351E-01,3.02011E-02
-2.32347E-01,2.98196E-02
-2.32344E-01,2.92856E-02
-2.32341E-01,2.95145E-02
-2.32337E-01,2.91330E-02
-2.32334E-01,2.93619E-02
-2.32331E-01,2.88278E-02
-2.32328E-01,2.89041E-02
-2.32324E-01,2.93619E-02
-2.32321E-01,2.91330E-02
-2.32318E-01,2.90567E-02
-2.32314E-01,2.96671E-02
-2.32311E-01,3.03537E-02
-2.32308E-01,3.09641E-02
-2.32305E-01,3.13455E-02
-2.32301E-01,3.09641E-02
-2.32298E-01,3.13455E-02
-2.32295E-01,3.15744E-02
-2.32291E-01,3.10403E-02
-2.32288E-01,3.10403E-02
-2.32285E-01,3.08115E-02
-2.32281E-01,3.04300E-02
-2.32278E-01,2.99722E-02
-2.32275E-01,2.90567E-02
-2.32272E-01,2.85989E-02
-2.32268E-01,2.93619E-02
-2.32265E-01,2.94382E-02
-2.32262E-01,2.90567E-02
-2.32258E-01,2.95145E-02
-2.32255E-01,2.86752E-02
-2.32252E-01,2.88278E-02
-2.32248E-01,2.85989E-02
-2.32245E-01,2.93619E-02
-2.32242E-01,2.92093E-02
-2.32239E-01,3.00485E-02
-2.32235E-01,3.01248E-02
-2.32232E-01,3.01248E-02
-2.32229E-01,2.98959E-02
-2.32225E-01,2.96671E-02
-2.32222E-01,3.02011E-02
-2.32219E-01,2.95908E-02
-2.32216E-01,2.98959E-02
-2.32212E-01,2.92093E-02
-2.32209E-01,2.89041E-02
-2.32206E-01,2.89041E-02
-2.32202E-01,2.91330E-02
-2.32199E-01,2.93619E-02
-2.32196E-01,3.01248E-02
-2.32192E-01,3.01248E-02
-2.32189E-01,2.99722E-02
-2.32186E-01,2.95908E-02
-2.32183E-01,2.91330E-02
-2.32179E-01,2.98959E-02
-2.32176E-01,2.95908E-02
-2.32173E-01,2.92093E-02
-2.32169E-01,2.94382E-02
-2.32166E-01,2.89804E-02
-2.32163E-01,2.90567E-02
-2.32159E-01,2.83701E-02
-2.32156E-01,2.79886E-02
-2.32153E-01,2.85989E-02
-2.32150E-01,2.82175E-02
-2.32146E-01,2.77597E-02
-2.32143E-01,2.88278E-02
-2.32140E-01,2.78360E-02
-2.32136E-01,2.80649E-02
-2.32133E-01,2.81412E-02
-2.32130E-01,2.79123E-02
-2.32127E-01,2.85989E-02
-2.32123E-01,2.88278E-02
-2.32120E-01,2.91330E-02
-2.32117E-01,2.90567E-02
-2.32113E-01,2.92093E-02
-2.32110E-01,2.93619E-02
-2.32107E-01,3.00485E-02
-2.32103E-01,2.95145E-02
-2.32100E-01,2.96671E-02
-2.32097E-01,2.98196E-02
-2.32094E-01,2.89041E-02
-2.32090E-01,2.91330E-02
-2.32087E-01,2.85226E-02
-2.32084E-01,2.87515E-02
-2.32080E-01,2.79123E-02
-2.32077E-01,2.76834E-02
-2.32074E-01,2.79886E-02
-2.32070E-01,2.80649E-02
-2.32067E-01,2.79123E-02
-2.32064E-01,2.83701E-02
-2.32061E-01,2.80649E-02
-2.32057E-01,2.76071E-02
-2.32054E-01,2.69205E-02
-2.32051E-01,2.69205E-02
-2.32047E-01,2.73782E-02
-2.32044E-01,2.66153E-02
-2.32041E-01,2.56235E-02
-2.32038E-01,2.56235E-02
-2.32034E-01,2.53946E-02
-2.32031E-01,2.53183E-02
-2.32028E-01,2.56998E-02
-2.32024E-01,2.57761E-02
-2.32021E-01,2.53183E-02
-2.32018E-01,2.65390E-02
-2.32014E-01,2.76071E-02
-2.32011E-01,2.89041E-02
-2.32008E-01,2.92093E-02
-2.32005E-01,2.89804E-02
-2.32001E-01,2.89804E-02
-2.31998E-01,2.98196E-02
-2.31995E-01,3.09641E-02
-2.31991E-01,3.14981E-02
-2.31988E-01,3.11929E-02
-2.31985E-01,3.08878E-02
-2.31982E-01,3.05063E-02
-2.31978E-01,2.98959E-02
-2.31975E-01,3.03537E-02
-2.31972E-01,3.16507E-02
-2.31968E-01,3.12692E-02
-2.31965E-01,3.07352E-02
-2.31962E-01,3.05063E-02
-2.31958E-01,3.00485E-02
-2.31955E-01,2.98196E-02
-2.31952E-01,2.95145E-02
-2.31949E-01,2.89804E-02
-2.31945E-01,2.89804E-02
-2.31942E-01,2.85989E-02
-2.31939E-01,2.79123E-02
-2.31935E-01,2.80649E-02
-2.31932E-01,2.86752E-02
-2.31929E-01,2.77597E-02
-2.31925E-01,2.86752E-02
-2.31922E-01,2.80649E-02
-2.31919E-01,2.92093E-02
-2.31916E-01,2.80649E-02
-2.31912E-01,2.82175E-02
-2.31909E-01,2.84464E-02
-2.31906E-01,2.82175E-02
-2.31902E-01,2.85226E-02
-2.31899E-01,2.76071E-02
-2.31896E-01,2.73019E-02
-2.31893E-01,2.69968E-02
-2.31889E-01,2.71494E-02
-2.31886E-01,2.69205E-02
-2.31883E-01,2.61575E-02
-2.31879E-01,2.63101E-02
-2.31876E-01,2.66153E-02
-2.31873E-01,2.60812E-02
-2.31869E-01,2.65390E-02
-2.31866E-01,2.57761E-02
-2.31863E-01,2.64627E-02
-2.31860E-01,2.69205E-02
-2.31856E-01,2.77597E-02
-2.31853E-01,2.79886E-02
-2.31850E-01,2.79886E-02
-2.31846E-01,2.76071E-02
-2.31843E-01,2.78360E-02
-2.31840E-01,2.79886E-02
-2.31836E-01,2.76071E-02
-2.31833E-01,2.71494E-02
-2.31830E-01,2.66153E-02
-2.31827E-01,2.60812E-02
-2.31823E-01,2.62338E-02
-2.31820E-01,2.56235E-02
-2.31817E-01,2.52420E-02
-2.31813E-01,2.53946E-02
-2.31810E-01,2.47842E-02
-2.31807E-01,2.60049E-02
-2.31804E-01,2.52420E-02
-2.31800E-01,2.57761E-02
-2.31797E-01,2.53946E-02
-2.31794E-01,2.66916E-02
-2.31790E-01,2.72256E-02
-2.31787E-01,2.77597E-02
-2.31784E-01,2.81412E-02
-2.31780E-01,2.80649E-02
-2.31777E-01,2.75308E-02
-2.31774E-01,2.82938E-02
-2.31771E-01,2.80649E-02
-2.31767E-01,2.82938E-02
-2.31764E-01,2.87515E-02
-2.31761E-01,2.82938E-02
-2.31757E-01,2.90567E-02
-2.31754E-01,2.98959E-02
-2.31751E-01,2.97433E-02
-2.31747E-01,2.94382E-02
-2.31744E-01,2.91330E-02
-2.31741E-01,2.95145E-02
-2.31738E-01,2.93619E-02
-2.31734E-01,2.92093E-02
-2.31731E-01,2.87515E-02
-2.31728E-01,2.88278E-02
-2.31724E-01,2.82938E-02
-2.31721E-01,2.82938E-02
-2.31718E-01,2.87515E-02
-2.31715E-01,2.88278E-02
-2.31711E-01,2.90567E-02
-2.31708E-01,2.95145E-02
-2.31705E-01,2.98959E-02
-2.31701E-01,2.98196E-02
-2.31698E-01,2.91330E-02
-2.31695E-01,2.98196E-02
-2.31691E-01,2.98959E-02
-2.31688E-01,2.97433E-02
-2.31685E-01,2.95908E-02
-2.31682E-01,2.90567E-02
-2.31678E-01,2.89804E-02
-2.31675E-01,2.81412E-02
-2.31672E-01,2.79886E-02
-2.31668E-01,2.77597E-02
-2.31665E-01,2.77597E-02
-2.31662E-01,2.74545E-02
-2.31658E-01,2.77597E-02
-2.31655E-01,2.74545E-02
-2.31652E-01,2.78360E-02
-2.31649E-01,2.69968E-02
-2.31645E-01,2.70731E-02
-2.31642E-01,2.73782E-02
-2.31639E-01,2.85226E-02
-2.31635E-01,2.80649E-02
-2.31632E-01,2.86752E-02
-2.31629E-01,2.82175E-02
-2.31626E-01,2.85989E-02
-2.31622E-01,2.89041E-02
-2.31619E-01,2.82175E-02
-2.31616E-01,2.82175E-02
-2.31612E-01,2.75308E-02
-2.31609E-01,2.84464E-02
-2.31606E-01,2.79123E-02
-2.31602E-01,2.75308E-02
-2.31599E-01,2.77597E-02
-2.31596E-01,2.71494E-02
-2.31593E-01,2.72256E-02
-2.31589E-01,2.61575E-02
-2.31586E-01,2.62338E-02
-2.31583E-01,2.63101E-02
-2.31579E-01,2.69968E-02
-2.31576E-01,2.76071E-02
-2.31573E-01,2.66916E-02
-2.31570E-01,2.65390E-02
-2.31566E-01,2.62338E-02
-2.31563E-01,2.66916E-02
-2.31560E-01,2.81412E-02
-2.31556E-01,2.82175E-02
-2.31553E-01,2.86752E-02
-2.31550E-01,2.85989E-02
-2.31546E-01,2.81412E-02
-2.31543E-01,2.89041E-02
-2.31540E-01,2.88278E-02
-2.31537E-01,2.87515E-02
-2.31533E-01,2.87515E-02
-2.31530E-01,2.91330E-02
-2.31527E-01,2.88278E-02
-2.31523E-01,2.78360E-02
-2.31520E-01,2.76071E-02
-2.31517E-01,2.68442E-02
-2.31513E-01,2.67679E-02
-2.31510E-01,2.72256E-02
-2.31507E-01,2.68442E-02
-2.31504E-01,2.66916E-02
-2.31500E-01,2.66153E-02
-2.31497E-01,2.62338E-02
-2.31494E-01,2.58524E-02
-2.31490E-01,2.66153E-02
-2.31487E-01,2.60049E-02
-2.31484E-01,2.64627E-02
-2.31481E-01,2.63101E-02
-2.31477E-01,2.60812E-02
-2.31474E-01,2.60812E-02
-2.31471E-01,2.53946E-02
-2.31467E-01,2.51657E-02
-2.31464E-01,2.50894E-02
-2.31461E-01,2.54709E-02
-2.31457E-01,2.59286E-02
-2.31454E-01,2.52420E-02
-2.31451E-01,2.52420E-02
-2.31448E-01,2.60812E-02
-2.31444E-01,2.61575E-02
-2.31441E-01,2.60049E-02
-2.31438E-01,2.59286E-02
-2.31434E-01,2.59286E-02
-2.31431E-01,2.47842E-02
-2.31428E-01,2.50131E-02
-2.31424E-01,2.50894E-02
-2.31421E-01,2.56235E-02
-2.31418E-01,2.56235E-02
-2.31415E-01,2.53946E-02
-2.31411E-01,2.56998E-02
-2.31408E-01,2.69205E-02
-2.31405E-01,2.61575E-02
-2.31401E-01,2.74545E-02
-2.31398E-01,2.73782E-02
-2.31395E-01,2.71494E-02
-2.31392E-01,2.79123E-02
-2.31388E-01,2.84464E-02
-2.31385E-01,2.82175E-02
-2.31382E-01,2.82175E-02
-2.31378E-01,2.80649E-02
-2.31375E-01,2.73782E-02
-2.31372E-01,2.82175E-02
-2.31368E-01,2.71494E-02
-2.31365E-01,2.72256E-02
-2.31362E-01,2.78360E-02
-2.31359E-01,2.73782E-02
-2.31355E-01,2.70731E-02
-2.31352E-01,2.63101E-02
-2.31349E-01,2.62338E-02
-2.31345E-01,2.57761E-02
-2.31342E-01,2.62338E-02
-2.31339E-01,2.60812E-02
-2.31335E-01,2.52420E-02
-2.31332E-01,2.53946E-02
-2.31329E-01,2.47842E-02
-2.31326E-01,2.54709E-02
-2.31322E-01,2.40976E-02
-2.31319E-01,2.49368E-02
-2.31316E-01,2.54709E-02
-2.31312E-01,2.48605E-02
-2.31309E-01,2.48605E-02
-2.31306E-01,2.46317E-02
-2.31303E-01,2.47079E-02
-2.31299E-01,2.58524E-02
-2.31296E-01,2.58524E-02
-2.31293E-01,2.60812E-02
-2.31289E-01,2.57761E-02
-2.31286E-01,2.58524E-02
-2.31283E-01,2.53946E-02
-2.31279E-01,2.56235E-02
-2.31276E-01,2.53946E-02
-2.31273E-01,2.53946E-02
-2.31270E-01,2.49368E-02
-2.31266E-01,2.44791E-02
-2.31263E-01,2.46317E-02
-2.31260E-01,2.51657E-02
-2.31256E-01,2.40976E-02
-2.31253E-01,2.41739E-02
-2.31250E-01,2.40976E-02
-2.31246E-01,2.47079E-02
-2.31243E-01,2.48605E-02
-2.31240E-01,2.52420E-02
-2.31237E-01,2.54709E-02
-2.31233E-01,2.44791E-02
-2.31230E-01,2.50131E-02
-2.31227E-01,2.40976E-02
-2.31223E-01,2.40213E-02
-2.31220E-01,2.40976E-02
-2.31217E-01,2.35635E-02
-2.31214E-01,2.42502E-02
-2.31210E-01,2.35635E-02
-2.31207E-01,2.40213E-02
-2.31204E-01,2.40976E-02
-2.31200E-01,2.46317E-02
-2.31197E-01,2.36398E-02
-2.31194E-01,2.36398E-02
-2.31190E-01,2.42502E-02
-2.31187E-01,2.44791E-02
-2.31184E-01,2.47079E-02
-2.31181E-01,2.44028E-02
-2.31177E-01,2.53183E-02
-2.31174E-01,2.56235E-02
-2.31171E-01,2.56998E-02
-2.31167E-01,2.53183E-02
-2.31164E-01,2.50131E-02
-2.31161E-01,2.52420E-02
-2.31158E-01,2.49368E-02
-2.31154E-01,2.58524E-02
-2.31151E-01,2.49368E-02
-2.31148E-01,2.51657E-02
-2.31144E-01,2.43265E-02
-2.31141E-01,2.44028E-02
-2.31138E-01,2.44791E-02
-2.31134E-01,2.46317E-02
-2.31131E-01,2.55472E-02
-2.31128E-01,2.63101E-02
-2.31125E-01,2.60812E-02
-2.31121E-01,2.56998E-02
-2.31118E-01,2.60812E-02
-2.31115E-01,2.60812E-02
-2.31111E-01,2.63101E-02
-2.31108E-01,2.55472E-02
-2.31105E-01,2.60812E-02
-2.31101E-01,2.67679E-02
-2.31098E-01,2.66916E-02
-2.31095E-01,2.75308E-02
-2.31092E-01,2.73782E-02
-2.31088E-01,2.72256E-02
-2.31085E-01,2.75308E-02
-2.31082E-01,2.74545E-02
-2.31078E-01,2.74545E-02
-2.31075E-01,2.69205E-02
-2.31072E-01,2.74545E-02
-2.31069E-01,2.69205E-02
-2.31065E-01,2.67679E-02
-2.31062E-01,2.62338E-02
-2.31059E-01,2.67679E-02
-2.31055E-01,2.73782E-02
-2.31052E-01,2.63101E-02
-2.31049E-01,2.65390E-02
-2.31045E-01,2.63864E-02
-2.31042E-01,2.66153E-02
-2.31039E-01,2.69968E-02
-2.31036E-01,2.76071E-02
-2.31032E-01,2.73782E-02
-2.31029E-01,2.81412E-02
-2.31026E-01,2.79123E-02
-2.31022E-01,2.79886E-02
-2.31019E-01,2.74545E-02
-2.31016E-01,2.77597E-02
-2.31012E-01,2.79123E-02
-2.31009E-01,2.83701E-02
-2.31006E-01,2.79123E-02
-2.31003E-01,2.87515E-02
-2.30999E-01,2.82938E-02
-2.30996E-01,2.87515E-02
-2.30993E-01,2.75308E-02
-2.30989E-01,2.67679E-02
-2.30986E-01,2.72256E-02
-2.30983E-01,2.67679E-02
-2.30980E-01,2.69968E-02
-2.30976E-01,2.62338E-02
-2.30973E-01,2.60812E-02
-2.30970E-01,2.59286E-02
-2.30966E-01,2.53946E-02
-2.30963E-01,2.53183E-02
-2.30960E-01,2.48605E-02
-2.30956E-01,2.53183E-02
-2.30953E-01,2.49368E-02
-2.30950E-01,2.45554E-02
-2.30947E-01,2.47842E-02
-2.30943E-01,2.42502E-02
-2.30940E-01,2.46317E-02
-2.30937E-01,2.54709E-02
-2.30933E-01,2.51657E-02
-2.30930E-01,2.62338E-02
-2.30927E-01,2.64627E-02
-2.30923E-01,2.73019E-02
-2.30920E-01,2.80649E-02
-2.30917E-01,2.81412E-02
-2.30914E-01,2.82175E-02
-2.30910E-01,2.86752E-02
-2.30907E-01,2.83701E-02
-2.30904E-01,2.81412E-02
-2.30900E-01,2.83701E-02
-2.30897E-01,2.75308E-02
-2.30894E-01,2.82938E-02
-2.30891E-01,2.74545E-02
-2.30887E-01,2.79123E-02
-2.30884E-01,2.70731E-02
-2.30881E-01,2.69968E-02
-2.30877E-01,2.69968E-02
-2.30874E-01,2.66153E-02
-2.30871E-01,2.66153E-02
-2.30867E-01,2.61575E-02
-2.30864E-01,2.64627E-02
-2.30861E-01,2.76834E-02
-2.30858E-01,2.69968E-02
-2.30854E-01,2.69205E-02
-2.30851E-01,2.64627E-02
-2.30848E-01,2.69205E-02
-2.30844E-01,2.76071E-02
-2.30841E-01,2.74545E-02
-2.30838E-01,2.89041E-02
-2.30834E-01,2.81412E-02
-2.30831E-01,2.77597E-02
-2.30828E-01,2.74545E-02
-2.30825E-01,2.76071E-02
-2.30821E-01,2.84464E-02
-2.30818E-01,2.79123E-02
-2.30815E-01,2.81412E-02
-2.30811E-01,2.81412E-02
-2.30808E-01,2.75308E-02
-2.30805E-01,2.69205E-02
-2.30802E-01,2.72256E-02
-2.30798E-01,2.70731E-02
-2.30795E-01,2.56998E-02
-2.30792E-01,2.64627E-02
-2.30788E-01,2.53946E-02
-2.30785E-01,2.53946E-02
-2.30782E-01,2.50894E-02
-2.30778E-01,2.51657E-02
-2.30775E-01,2.57761E-02
-2.30772E-01,2.60049E-02
-2.30769E-01,2.67679E-02
-2.30765E-01,2.70731E-02
-2.30762E-01,2.66916E-02
-2.30759E-01,2.66916E-02
-2.30755E-01,2.72256E-02
-2.30752E-01,2.67679E-02
-2.30749E-01,2.73782E-02
-2.30746E-01,2.69205E-02
-2.30742E-01,2.74545E-02
-2.30739E-01,2.65390E-02
-2.30736E-01,2.61575E-02
-2.30732E-01,2.59286E-02
-2.30729E-01,2.54709E-02
-2.30726E-01,2.56235E-02
-2.30722E-01,2.50894E-02
-2.30719E-01,2.53946E-02
-2.30716E-01,2.52420E-02
-2.30713E-01,2.53946E-02
-2.30709E-01,2.53183E-02
-2.30706E-01,2.50131E-02
-2.30703E-01,2.48605E-02
-2.30699E-01,2.44028E-02
-2.30696E-01,2.47079E-02
-2.30693E-01,2.41739E-02
-2.30689E-01,2.45554E-02
-2.30686E-01,2.37161E-02
-2.30683E-01,2.32584E-02
-2.30680E-01,2.29532E-02
-2.30676E-01,2.28769E-02
-2.30673E-01,2.33347E-02
-2.30670E-01,2.34872E-02
-2.30666E-01,2.30295E-02
-2.30663E-01,2.33347E-02
-2.30660E-01,2.38687E-02
-2.30657E-01,2.45554E-02
-2.30653E-01,2.32584E-02
-2.30650E-01,2.40976E-02
-2.30647E-01,2.34872E-02
-2.30643E-01,2.28769E-02
-2.30640E-01,2.29532E-02
-2.30637E-01,2.23428E-02
-2.30633E-01,2.25717E-02
-2.30630E-01,2.36398E-02
-2.30627E-01,2.32584E-02
-2.30624E-01,2.39450E-02
-2.30620E-01,2.44028E-02
-2.30617E-01,2.54709E-02
-2.30614E-01,2.63101E-02
-2.30610E-01,2.65390E-02
-2.30607E-01,2.62338E-02
-2.30604E-01,2.64627E-02
-2.30600E-01,2.73019E-02
-2.30597E-01,2.75308E-02
-2.30594E-01,2.71494E-02
-2.30591E-01,2.65390E-02
-2.30587E-01,2.68442E-02
-2.30584E-01,2.66916E-02
-2.30581E-01,2.68442E-02
-2.30577E-01,2.69205E-02
-2.30574E-01,2.73782E-02
-2.30571E-01,2.66916E-02
-2.30568E-01,2.62338E-02
-2.30564E-01,2.53946E-02
-2.30561E-01,2.50131E-02
-2.30558E-01,2.62338E-02
-2.30554E-01,2.56998E-02
-2.30551E-01,2.53946E-02
-2.30548E-01,2.51657E-02
-2.30544E-01,2.50894E-02
-2.30541E-01,2.48605E-02
-2.30538E-01,2.51657E-02
-2.30535E-01,2.46317E-02
-2.30531E-01,2.47842E-02
-2.30528E-01,2.53183E-02
-2.30525E-01,2.54709E-02
-2.30521E-01,2.53946E-02
-2.30518E-01,2.45554E-02
-2.30515E-01,2.51657E-02
-2.30511E-01,2.52420E-02
-2.30508E-01,2.53183E-02
-2.30505E-01,2.50131E-02
-2.30502E-01,2.47842E-02
-2.30498E-01,2.48605E-02
-2.30495E-01,2.53183E-02
-2.30492E-01,2.46317E-02
-2.30488E-01,2.50131E-02
-2.30485E-01,2.46317E-02
-2.30482E-01,2.46317E-02
-2.30479E-01,2.53183E-02
-2.30475E-01,2.50131E-02
-2.30472E-01,2.53183E-02
-2.30469E-01,2.52420E-02
-2.30465E-01,2.57761E-02
-2.30462E-01,2.56998E-02
-2.30459E-01,2.57761E-02
-2.30455E-01,2.50131E-02
-2.30452E-01,2.54709E-02
-2.30449E-01,2.51657E-02
-2.30446E-01,2.54709E-02
-2.30442E-01,2.60049E-02
-2.30439E-01,2.66916E-02
-2.30436E-01,2.59286E-02
-2.30432E-01,2.63864E-02
-2.30429E-01,2.70731E-02
-2.30426E-01,2.69205E-02
-2.30422E-01,2.64627E-02
-2.30419E-01,2.60812E-02
-2.30416E-01,2.67679E-02
-2.30413E-01,2.70731E-02
-2.30409E-01,2.69205E-02
-2.30406E-01,2.66153E-02
-2.30403E-01,2.66153E-02
-2.30399E-01,2.58524E-02
-2.30396E-01,2.64627E-02
-2.30393E-01,2.58524E-02
-2.30390E-01,2.55472E-02
-2.30386E-01,2.52420E-02
-2.30383E-01,2.53183E-02
-2.30380E-01,2.51657E-02
-2.30376E-01,2.55472E-02
-2.30373E-01,2.50894E-02
-2.30370E-01,2.57761E-02
-2.30366E-01,2.56998E-02
-2.30363E-01,2.64627E-02
-2.30360E-01,2.70731E-02
-2.30357E-01,2.76834E-02
-2.30353E-01,2.71494E-02
-2.30350E-01,2.74545E-02
-2.30347E-01,2.76834E-02
-2.30343E-01,2.70731E-02
-2.30340E-01,2.68442E-02
-2.30337E-01,2.69205E-02
-2.30334E-01,2.67679E-02
-2.30330E-01,2.65390E-02
-2.30327E-01,2.63864E-02
-2.30324E-01,2.64627E-02
-2.30320E-01,2.63864E-02
-2.30317E-01,2.63101E-02
-2.30314E-01,2.60812E-02
-2.30310E-01,2.70731E-02
-2.30307E-01,2.63864E-02
-2.30304E-01,2.61575E-02
-2.30301E-01,2.63864E-02
-2.30297E-01,2.69205E-02
-2.30294E-01,2.66916E-02
-2.30291E-01,2.73782E-02
-2.30287E-01,2.77597E-02
-2.30284E-01,2.72256E-02
-2.30281E-01,2.76834E-02
-2.30277E-01,2.75308E-02
-2.30274E-01,2.67679E-02
-2.30271E-01,2.67679E-02
-2.30268E-01,2.64627E-02
-2.30264E-01,2.62338E-02
-2.30261E-01,2.55472E-02
-2.30258E-01,2.53946E-02
-2.30254E-01,2.54709E-02
-2.30251E-01,2.53183E-02
-2.30248E-01,2.46317E-02
-2.30245E-01,2.47079E-02
-2.30241E-01,2.36398E-02
-2.30238E-01,2.36398E-02
-2.30235E-01,2.34872E-02
-2.30231E-01,2.36398E-02
-2.30228E-01,2.37161E-02
-2.30225E-01,2.36398E-02
-2.30221E-01,2.43265E-02
-2.30218E-01,2.42502E-02
-2.30215E-01,2.46317E-02
-2.30212E-01,2.49368E-02
-2.30208E-01,2.51657E-02
-2.30205E-01,2.51657E-02
-2.30202E-01,2.55472E-02
-2.30198E-01,2.54709E-02
-2.30195E-01,2.56235E-02
-2.30192E-01,2.56235E-02
-2.30188E-01,2.57761E-02
-2.30185E-01,2.59286E-02
-2.30182E-01,2.56998E-02
-2.30179E-01,2.63864E-02
-2.30175E-01,2.63101E-02
-2.30172E-01,2.60812E-02
-2.30169E-01,2.62338E-02
-2.30165E-01,2.65390E-02
-2.30162E-01,2.66916E-02
-2.30159E-01,2.63101E-02
-2.30156E-01,2.70731E-02
-2.30152E-01,2.70731E-02
-2.30149E-01,2.70731E-02
-2.30146E-01,2.77597E-02
-2.30142E-01,2.82175E-02
-2.30139E-01,2.79886E-02
-2.30136E-01,2.83701E-02
-2.30132E-01,2.84464E-02
-2.30129E-01,2.80649E-02
-2.30126E-01,2.81412E-02
-2.30123E-01,2.79123E-02
-2.30119E-01,2.78360E-02
-2.30116E-01,2.73019E-02
-2.30113E-01,2.70731E-02
-2.30109E-01,2.68442E-02
-2.30106E-01,2.66916E-02
-2.30103E-01,2.60049E-02
-2.30099E-01,2.60812E-02
-2.30096E-01,2.54709E-02
-2.30093E-01,2.57761E-02
-2.30090E-01,2.58524E-02
-2.30086E-01,2.54709E-02
-2.30083E-01,2.56235E-02
-2.30080E-01,2.51657E-02
-2.30076E-01,2.42502E-02
-2.30073E-01,2.48605E-02
-2.30070E-01,2.45554E-02
-2.30067E-01,2.44028E-02
-2.30063E-01,2.38687E-02
-2.30060E-01,2.44028E-02
-2.30057E-01,2.44028E-02
-2.30053E-01,2.48605E-02
-2.30050E-01,2.50131E-02
-2.30047E-01,2.54709E-02
-2.30043E-01,2.57761E-02
-2.30040E-01,2.56998E-02
-2.30037E-01,2.50894E-02
-2.30034E-01,2.58524E-02
-2.30030E-01,2.56998E-02
-2.30027E-01,2.56235E-02
-2.30024E-01,2.55472E-02
-2.30020E-01,2.53946E-02
-2.30017E-01,2.47842E-02
-2.30014E-01,2.51657E-02
-2.30010E-01,2.50131E-02
-2.30007E-01,2.44028E-02
-2.30004E-01,2.46317E-02
-2.30001E-01,2.41739E-02
-2.29997E-01,2.39450E-02
-2.29994E-01,2.50894E-02
-2.29991E-01,2.43265E-02
-2.29987E-01,2.45554E-02
-2.29984E-01,2.47842E-02
-2.29981E-01,2.42502E-02
-2.29978E-01,2.49368E-02
-2.29974E-01,2.50894E-02
-2.29971E-01,2.52420E-02
-2.29968E-01,2.58524E-02
-2.29964E-01,2.72256E-02
-2.29961E-01,2.73782E-02
-2.29958E-01,2.73782E-02
-2.29954E-01,2.73782E-02
-2.29951E-01,2.69205E-02
-2.29948E-01,2.69205E-02
-2.29945E-01,2.71494E-02
-2.29941E-01,2.66153E-02
-2.29938E-01,2.59286E-02
-2.29935E-01,2.53183E-02
-2.29931E-01,2.51657E-02
-2.29928E-01,2.50131E-02
-2.29925E-01,2.49368E-02
-2.29922E-01,2.40213E-02
-2.29918E-01,2.39450E-02
-2.29915E-01,2.42502E-02
-2.29912E-01,2.46317E-02
-2.29908E-01,2.50131E-02
-2.29905E-01,2.54709E-02
-2.29902E-01,2.48605E-02
-2.29898E-01,2.53183E-02
-2.29895E-01,2.53946E-02
-2.29892E-01,2.56998E-02
-2.29889E-01,2.57761E-02
-2.29885E-01,2.65390E-02
-2.29882E-01,2.68442E-02
-2.29879E-01,2.73019E-02
-2.29875E-01,2.64627E-02
-2.29872E-01,2.62338E-02
-2.29869E-01,2.62338E-02
-2.29865E-01,2.62338E-02
-2.29862E-01,2.51657E-02
-2.29859E-01,2.50131E-02
-2.29856E-01,2.52420E-02
-2.29852E-01,2.50131E-02
-2.29849E-01,2.52420E-02
-2.29846E-01,2.45554E-02
-2.29842E-01,2.39450E-02
-2.29839E-01,2.37924E-02
-2.29836E-01,2.31058E-02
-2.29833E-01,2.34872E-02
-2.29829E-01,2.37161E-02
-2.29826E-01,2.43265E-02
-2.29823E-01,2.47079E-02
-2.29819E-01,2.48605E-02
-2.29816E-01,2.60812E-02
-2.29813E-01,2.57761E-02
-2.29809E-01,2.56998E-02
-2.29806E-01,2.54709E-02
-2.29803E-01,2.59286E-02
-2.29800E-01,2.58524E-02
-2.29796E-01,2.56998E-02
-2.29793E-01,2.57761E-02
-2.29790E-01,2.53946E-02
-2.29786E-01,2.65390E-02
-2.29783E-01,2.61575E-02
-2.29780E-01,2.58524E-02
-2.29776E-01,2.62338E-02
-2.29773E-01,2.64627E-02
-2.29770E-01,2.53946E-02
-2.29767E-01,2.63864E-02
-2.29763E-01,2.57761E-02
-2.29760E-01,2.54709E-02
-2.29757E-01,2.58524E-02
-2.29753E-01,2.52420E-02
-2.29750E-01,2.47842E-02
-2.29747E-01,2.49368E-02
-2.29744E-01,2.50131E-02
-2.29740E-01,2.47842E-02
-2.29737E-01,2.51657E-02
-2.29734E-01,2.51657E-02
-2.29730E-01,2.47842E-02
-2.29727E-01,2.50894E-02
-2.29724E-01,2.55472E-02
-2.29720E-01,2.53946E-02
-2.29717E-01,2.58524E-02
-2.29714E-01,2.47842E-02
-2.29711E-01,2.50131E-02
-2.29707E-01,2.44791E-02
-2.29704E-01,2.44791E-02
-2.29701E-01,2.43265E-02
-2.29697E-01,2.44791E-02
-2.29694E-01,2.50131E-02
-2.29691E-01,2.40976E-02
-2.29687E-01,2.41739E-02
-2.29684E-01,2.37161E-02
-2.29681E-01,2.48605E-02
-2.29678E-01,2.41739E-02
-2.29674E-01,2.41739E-02
-2.29671E-01,2.47842E-02
-2.29668E-01,2.34872E-02
-2.29664E-01,2.30295E-02
-2.29661E-01,2.36398E-02
-2.29658E-01,2.31821E-02
-2.29655E-01,2.29532E-02
-2.29651E-01,2.32584E-02
-2.29648E-01,2.33347E-02
-2.29645E-01,2.30295E-02
-2.29641E-01,2.32584E-02
-2.29638E-01,2.31821E-02
-2.29635E-01,2.33347E-02
-2.29631E-01,2.34109E-02
-2.29628E-01,2.31058E-02
-2.29625E-01,2.34109E-02
-2.29622E-01,2.31058E-02
-2.29618E-01,2.31821E-02
-2.29615E-01,2.40213E-02
-2.29612E-01,2.41739E-02
-2.29608E-01,2.47842E-02
-2.29605E-01,2.51657E-02
-2.29602E-01,2.50894E-02
-2.29598E-01,2.46317E-02
-2.29595E-01,2.49368E-02
-2.29592E-01,2.56235E-02
-2.29589E-01,2.45554E-02
-2.29585E-01,2.51657E-02
-2.29582E-01,2.39450E-02
-2.29579E-01,2.37161E-02
-2.29575E-01,2.31821E-02
-2.29572E-01,2.28006E-02
-2.29569E-01,2.24191E-02
-2.29566E-01,2.21140E-02
-2.29562E-01,2.28006E-02
-2.29559E-01,2.24191E-02
-2.29556E-01,2.23428E-02
-2.29552E-01,2.29532E-02
-2.29549E-01,2.27243E-02
-2.29546E-01,2.34109E-02
-2.29542E-01,2.34872E-02
-2.29539E-01,2.33347E-02
-2.29536E-01,2.40976E-02
-2.29533E-01,2.40213E-02
-2.29529E-01,2.42502E-02
-2.29526E-01,2.44791E-02
-2.29523E-01,2.48605E-02
-2.29519E-01,2.48605E-02
-2.29516E-01,2.53946E-02
-2.29513E-01,2.47079E-02
-2.29510E-01,2.47079E-02
-2.29506E-01,2.40213E-02
-2.29503E-01,2.44028E-02
-2.29500E-01,2.47079E-02
-2.29496E-01,2.48605E-02
-2.29493E-01,2.52420E-02
-2.29490E-01,2.51657E-02
-2.29486E-01,2.47079E-02
-2.29483E-01,2.60049E-02
-2.29480E-01,2.57761E-02
-2.29477E-01,2.59286E-02
-2.29473E-01,2.56235E-02
-2.29470E-01,2.49368E-02
-2.29467E-01,2.52420E-02
-2.29463E-01,2.51657E-02
-2.29460E-01,2.58524E-02
-2.29457E-01,2.66153E-02
-2.29453E-01,2.53946E-02
-2.29450E-01,2.57761E-02
-2.29447E-01,2.50894E-02
-2.29444E-01,2.46317E-02
-2.29440E-01,2.41739E-02
-2.29437E-01,2.44791E-02
-2.29434E-01,2.41739E-02
-2.29430E-01,2.51657E-02
-2.29427E-01,2.54709E-02
-2.29424E-01,2.56998E-02
-2.29421E-01,2.66153E-02
-2.29417E-01,2.70731E-02
-2.29414E-01,2.71494E-02
-2.29411E-01,2.76834E-02
-2.29407E-01,2.77597E-02
-2.29404E-01,2.69968E-02
-2.29401E-01,2.63864E-02
-2.29397E-01,2.56998E-02
-2.29394E-01,2.54709E-02
-2.29391E-01,2.55472E-02
-2.29388E-01,2.54709E-02
-2.29384E-01,2.51657E-02
-2.29381E-01,2.53946E-02
-2.29378E-01,2.50131E-02
-2.29374E-01,2.54709E-02
-2.29371E-01,2.56998E-02
-2.29368E-01,2.55472E-02
-2.29364E-01,2.59286E-02
-2.29361E-01,2.60049E-02
-2.29358E-01,2.63101E-02
-2.29355E-01,2.56235E-02
-2.29351E-01,2.63864E-02
-2.29348E-01,2.63864E-02
-2.29345E-01,2.62338E-02
-2.29341E-01,2.63101E-02
-2.29338E-01,2.56998E-02
-2.29335E-01,2.56998E-02
-2.29332E-01,2.56235E-02
-2.29328E-01,2.50894E-02
-2.29325E-01,2.46317E-02
-2.29322E-01,2.42502E-02
-2.29318E-01,2.37924E-02
-2.29315E-01,2.41739E-02
-2.29312E-01,2.44791E-02
-2.29308E-01,2.37924E-02
-2.29305E-01,2.29532E-02
-2.29302E-01,2.34109E-02
-2.29299E-01,2.33347E-02
-2.29295E-01,2.36398E-02
-2.29292E-01,2.36398E-02
-2.29289E-01,2.31821E-02
-2.29285E-01,2.35635E-02
-2.29282E-01,2.36398E-02
-2.29279E-01,2.36398E-02
-2.29275E-01,2.39450E-02
-2.29272E-01,2.40976E-02
-2.29269E-01,2.46317E-02
-2.29266E-01,2.49368E-02
-2.29262E-01,2.46317E-02
-2.29259E-01,2.44791E-02
-2.29256E-01,2.47079E-02
-2.29252E-01,2.48605E-02
-2.29249E-01,2.57761E-02
-2.29246E-01,2.59286E-02
-2.29243E-01,2.58524E-02
-2.29239E-01,2.64627E-02
-2.29236E-01,2.74545E-02
-2.29233E-01,2.76071E-02
-2.29229E-01,2.77597E-02
-2.29226E-01,2.79886E-02
-2.29223E-01,2.71494E-02
-2.29219E-01,2.69205E-02
-2.29216E-01,2.65390E-02
-2.29213E-01,2.61575E-02
-2.29210E-01,2.56235E-02
-2.29206E-01,2.55472E-02
-2.29203E-01,2.49368E-02
-2.29200E-01,2.57761E-02
-2.29196E-01,2.58524E-02
-2.29193E-01,2.63864E-02
-2.29190E-01,2.60049E-02
-2.29186E-01,2.66153E-02
-2.29183E-01,2.66916E-02
-2.29180E-01,2.68442E-02
-2.29177E-01,2.64627E-02
-2.29173E-01,2.66153E-02
-2.29170E-01,2.60049E-02
-2.29167E-01,2.53946E-02
-2.29163E-01,2.55472E-02
-2.29160E-01,2.45554E-02
-2.29157E-01,2.50131E-02
-2.29154E-01,2.40976E-02
-2.29150E-01,2.40976E-02
-2.29147E-01,2.40976E-02
-2.29144E-01,2.45554E-02
-2.29140E-01,2.37924E-02
-2.29137E-01,2.41739E-02
-2.29134E-01,2.42502E-02
-2.29130E-01,2.39450E-02
-2.29127E-01,2.39450E-02
-2.29124E-01,2.40213E-02
-2.29121E-01,2.37924E-02
-2.29117E-01,2.39450E-02
-2.29114E-01,2.30295E-02
-2.29111E-01,2.33347E-02
-2.29107E-01,2.31058E-02
-2.29104E-01,2.36398E-02
-2.29101E-01,2.42502E-02
-2.29098E-01,2.35635E-02
-2.29094E-01,2.47842E-02
-2.29091E-01,2.42502E-02
-2.29088E-01,2.45554E-02
-2.29084E-01,2.54709E-02
-2.29081E-01,2.55472E-02
-2.29078E-01,2.60812E-02
-2.29074E-01,2.59286E-02
-2.29071E-01,2.53946E-02
-2.29068E-01,2.53946E-02
-2.29065E-01,2.54709E-02
-2.29061E-01,2.57761E-02
-2.29058E-01,2.59286E-02
-2.29055E-01,2.56998E-02
-2.29051E-01,2.62338E-02
-2.29048E-01,2.58524E-02
-2.29045E-01,2.59286E-02
-2.29041E-01,2.64627E-02
-2.29038E-01,2.71494E-02
-2.29035E-01,2.70731E-02
-2.29032E-01,2.69968E-02
-2.29028E-01,2.65390E-02
-2.29025E-01,2.73019E-02
-2.29022E-01,2.66916E-02
-2.29018E-01,2.61575E-02
-2.29015E-01,2.58524E-02
-2.29012E-01,2.57761E-02
-2.29009E-01,2.59286E-02
-2.29005E-01,2.62338E-02
-2.29002E-01,2.62338E-02
-2.28999E-01,2.61575E-02
-2.28995E-01,2.66153E-02
-2.28992E-01,2.60049E-02
-2.28989E-01,2.66153E-02
-2.28985E-01,2.66153E-02
-2.28982E-01,2.66916E-02
-2.28979E-01,2.62338E-02
-2.28976E-01,2.58524E-02
-2.28972E-01,2.55472E-02
-2.28969E-01,2.53183E-02
-2.28966E-01,2.47842E-02
-2.28962E-01,2.37161E-02
-2.28959E-01,2.37924E-02
-2.28956E-01,2.35635E-02
-2.28952E-01,2.39450E-02
-2.28949E-01,2.36398E-02
-2.28946E-01,2.47079E-02
-2.28943E-01,2.44028E-02
-2.28939E-01,2.53946E-02
-2.28936E-01,2.56235E-02
-2.28933E-01,2.66153E-02
-2.28929E-01,2.69205E-02
-2.28926E-01,2.72256E-02
-2.28923E-01,2.76834E-02
-2.28920E-01,2.76071E-02
-2.28916E-01,2.79123E-02
-2.28913E-01,2.79886E-02
-2.28910E-01,2.84464E-02
-2.28906E-01,2.82175E-02
-2.28903E-01,2.82175E-02
-2.28900E-01,2.79886E-02
-2.28896E-01,2.72256E-02
-2.28893E-01,2.60049E-02
-2.28890E-01,2.61575E-02
-2.28887E-01,2.55472E-02
-2.28883E-01,2.45554E-02
-2.28880E-01,2.37924E-02
-2.28877E-01,2.53183E-02
-2.28873E-01,2.55472E-02
-2.28870E-01,2.60049E-02
-2.28867E-01,2.66153E-02
-2.28863E-01,2.69968E-02
-2.28860E-01,2.68442E-02
-2.28857E-01,2.69968E-02
-2.28854E-01,2.74545E-02
-2.28850E-01,2.73782E-02
-2.28847E-01,2.70731E-02
-2.28844E-01,2.63101E-02
-2.28840E-01,2.74545E-02
-2.28837E-01,2.73019E-02
-2.28834E-01,2.76834E-02
-2.28831E-01,2.82175E-02
-2.28827E-01,2.86752E-02
-2.28824E-01,2.76071E-02
-2.28821E-01,2.80649E-02
-2.28817E-01,2.78360E-02
-2.28814E-01,2.76834E-02
-2.28811E-01,2.72256E-02
-2.28807E-01,2.74545E-02
-2.28804E-01,2.68442E-02
-2.28801E-01,2.70731E-02
-2.28798E-01,2.69205E-02
-2.28794E-01,2.74545E-02
-2.28791E-01,2.82175E-02
-2.28788E-01,2.82175E-02
-2.28784E-01,2.82938E-02
-2.28781E-01,2.85226E-02
-2.28778E-01,2.90567E-02
-2.28774E-01,2.88278E-02
-2.28771E-01,2.93619E-02
-2.28768E-01,2.92856E-02
-2.28765E-01,2.89804E-02
-2.28761E-01,2.92093E-02
-2.28758E-01,2.89804E-02
-2.28755E-01,2.86752E-02
-2.28751E-01,2.86752E-02
-2.28748E-01,2.87515E-02
-2.28745E-01,2.81412E-02
-2.28742E-01,2.76834E-02
-2.28738E-01,2.75308E-02
-2.28735E-01,2.66916E-02
-2.28732E-01,2.68442E-02
-2.28728E-01,2.60812E-02
-2.28725E-01,2.60049E-02
-2.28722E-01,2.64627E-02
-2.28718E-01,2.71494E-02
-2.28715E-01,2.66916E-02
-2.28712E-01,2.69205E-02
-2.28709E-01,2.73019E-02
-2.28705E-01,2.76071E-02
-2.28702E-01,2.74545E-02
-2.28699E-01,2.68442E-02
-2.28695E-01,2.71494E-02
-2.28692E-01,2.71494E-02
-2.28689E-01,2.69968E-02
-2.28686E-01,2.74545E-02
-2.28682E-01,2.72256E-02
-2.28679E-01,2.76834E-02
-2.28676E-01,2.79123E-02
-2.28672E-01,2.80649E-02
-2.28669E-01,2.77597E-02
-2.28666E-01,2.80649E-02
-2.28662E-01,2.73019E-02
-2.28659E-01,2.78360E-02
-2.28656E-01,2.75308E-02
-2.28653E-01,2.81412E-02
-2.28649E-01,2.80649E-02
-2.28646E-01,2.85226E-02
-2.28643E-01,2.95908E-02
-2.28639E-01,2.94382E-02
-2.28636E-01,2.95145E-02
-2.28633E-01,2.90567E-02
-2.28629E-01,2.91330E-02
-2.28626E-01,2.93619E-02
-2.28623E-01,2.95908E-02
-2.28620E-01,3.00485E-02
-2.28616E-01,2.92093E-02
-2.28613E-01,2.94382E-02
-2.28610E-01,2.92856E-02
-2.28606E-01,2.82938E-02
-2.28603E-01,2.82175E-02
-2.28600E-01,2.76071E-02
-2.28597E-01,2.70731E-02
-2.28593E-01,2.63864E-02
-2.28590E-01,2.63864E-02
-2.28587E-01,2.60812E-02
-2.28583E-01,2.56998E-02
-2.28580E-01,2.60049E-02
-2.28577E-01,2.62338E-02
-2.28573E-01,2.51657E-02
-2.28570E-01,2.51657E-02
-2.28567E-01,2.51657E-02
-2.28564E-01,2.53946E-02
-2.28560E-01,2.59286E-02
-2.28557E-01,2.68442E-02
-2.28554E-01,2.70731E-02
-2.28550E-01,2.79123E-02
-2.28547E-01,2.79123E-02
-2.28544E-01,2.85989E-02
-2.28540E-01,2.76834E-02
-2.28537E-01,2.79123E-02
-2.28534E-01,2.72256E-02
-2.28531E-01,2.72256E-02
-2.28527E-01,2.72256E-02
-2.28524E-01,2.70731E-02
-2.28521E-01,2.79886E-02
-2.28517E-01,2.79123E-02
-2.28514E-01,2.76071E-02
-2.28511E-01,2.77597E-02
-2.28508E-01,2.79886E-02
-2.28504E-01,2.73019E-02
-2.28501E-01,2.73782E-02
-2.28498E-01,2.73019E-02
-2.28494E-01,2.72256E-02
-2.28491E-01,2.69205E-02
-2.28488E-01,2.83701E-02
-2.28484E-01,2.83701E-02
-2.28481E-01,2.82175E-02
-2.28478E-01,2.83701E-02
-2.28475E-01,2.84464E-02
-2.28471E-01,2.80649E-02
-2.28468E-01,2.81412E-02
-2.28465E-01,2.75308E-02
-2.28461E-01,2.78360E-02
-2.28458E-01,2.81412E-02
-2.28455E-01,2.78360E-02
-2.28451E-01,2.81412E-02
-2.28448E-01,2.87515E-02
-2.28445E-01,2.90567E-02
-2.28442E-01,2.89804E-02
-2.28438E-01,2.90567E-02
-2.28435E-01,2.95908E-02
-2.28432E-01,2.94382E-02
-2.28428E-01,2.92856E-02
-2.28425E-01,3.03537E-02
-2.28422E-01,3.02774E-02
-2.28419E-01,3.03537E-02
-2.28415E-01,3.04300E-02
-2.28412E-01,3.02011E-02
-2.28409E-01,3.03537E-02
-2.28405E-01,3.10403E-02
-2.28402E-01,3.03537E-02
-2.28399E-01,2.99722E-02
-2.28395E-01,3.04300E-02
-2.28392E-01,2.98959E-02
-2.28389E-01,2.91330E-02
-2.28386E-01,3.05826E-02
-2.28382E-01,2.97433E-02
-2.28379E-01,2.91330E-02
-2.28376E-01,2.92856E-02
-2.28372E-01,2.88278E-02
-2.28369E-01,2.93619E-02
-2.28366E-01,2.92093E-02
-2.28362E-01,2.93619E-02
-2.28359E-01,2.89041E-02
-2.28356E-01,2.96671E-02
-2.28353E-01,2.99722E-02
-2.28349E-01,3.00485E-02
-2.28346E-01,3.01248E-02
-2.28343E-01,2.98959E-02
-2.28339E-01,2.92093E-02
-2.28336E-01,2.97433E-02
-2.28333E-01,2.91330E-02
-2.28330E-01,2.93619E-02
-2.28326E-01,2.98959E-02
-2.28323E-01,2.95908E-02
-2.28320E-01,2.93619E-02
-2.28316E-01,2.94382E-02
-2.28313E-01,2.88278E-02
-2.28310E-01,2.82938E-02
-2.28306E-01,2.72256E-02
-2.28303E-01,2.79886E-02
-2.28300E-01,2.74545E-02
-2.28297E-01,2.77597E-02
-2.28293E-01,2.76071E-02
-2.28290E-01,2.75308E-02
-2.28287E-01,2.71494E-02
-2.28283E-01,2.74545E-02
-2.28280E-01,2.78360E-02
-2.28277E-01,2.78360E-02
-2.28274E-01,2.80649E-02
-2.28270E-01,2.86752E-02
-2.28267E-01,2.85989E-02
-2.28264E-01,3.01248E-02
-2.28260E-01,3.02011E-02
-2.28257E-01,2.96671E-02
-2.28254E-01,3.01248E-02
-2.28250E-01,3.03537E-02
-2.28247E-01,3.01248E-02
-2.28244E-01,3.02011E-02
-2.28241E-01,3.05826E-02
-2.28237E-01,3.08878E-02
-2.28234E-01,3.02774E-02
-2.28231E-01,3.07352E-02
-2.28227E-01,3.08878E-02
-2.28224E-01,3.09641E-02
-2.28221E-01,3.06589E-02
-2.28217E-01,3.04300E-02
-2.28214E-01,3.07352E-02
-2.28211E-01,3.11929E-02
-2.28208E-01,3.08115E-02
-2.28204E-01,3.15744E-02
-2.28201E-01,3.13455E-02
-2.28198E-01,3.19559E-02
-2.28194E-01,3.15744E-02
-2.28191E-01,3.15744E-02
-2.28188E-01,3.08878E-02
-2.28185E-01,3.08115E-02
-2.28181E-01,3.02774E-02
-2.28178E-01,3.02011E-02
-2.28175E-01,2.94382E-02
-2.28171E-01,2.95145E-02
-2.28168E-01,2.95908E-02
-2.28165E-01,2.92093E-02
-2.28161E-01,2.90567E-02
-2.28158E-01,2.86752E-02
-2.28155E-01,2.76071E-02
-2.28152E-01,2.70731E-02
-2.28148E-01,2.73019E-02
-2.28145E-01,2.77597E-02
-2.28142E-01,2.81412E-02
-2.28138E-01,2.84464E-02
-2.28135E-01,2.85226E-02
-2.28132E-01,2.93619E-02
-2.28128E-01,2.94382E-02
-2.28125E-01,3.00485E-02
-2.28122E-01,3.01248E-02
-2.28119E-01,3.07352E-02
-2.28115E-01,3.10403E-02
-2.28112E-01,3.14218E-02
-2.28109E-01,3.14981E-02
-2.28105E-01,3.07352E-02
-2.28102E-01,3.02774E-02
-2.28099E-01,3.09641E-02
-2.28096E-01,3.09641E-02
-2.28092E-01,3.03537E-02
-2.28089E-01,3.03537E-02
-2.28086E-01,2.98959E-02
-2.28082E-01,2.94382E-02
-2.28079E-01,2.95908E-02
-2.28076E-01,2.87515E-02
-2.28072E-01,2.92093E-02
-2.28069E-01,2.95145E-02
-2.28066E-01,2.93619E-02
-2.28063E-01,2.92093E-02
-2.28059E-01,2.99722E-02
-2.28056E-01,3.00485E-02
-2.28053E-01,2.97433E-02
-2.28049E-01,2.98959E-02
-2.28046E-01,3.01248E-02
-2.28043E-01,3.03537E-02
-2.28039E-01,3.07352E-02
-2.28036E-01,3.13455E-02
-2.28033E-01,3.11166E-02
-2.28030E-01,3.10403E-02
-2.28026E-01,3.08878E-02
-2.28023E-01,3.14218E-02
-2.28020E-01,3.14981E-02
-2.28016E-01,3.15744E-02
-2.28013E-01,3.08878E-02
-2.28010E-01,3.08878E-02
-2.28007E-01,3.07352E-02
-2.28003E-01,3.03537E-02
-2.28000E-01,3.00485E-02
-2.27997E-01,3.00485E-02
-2.27993E-01,2.97433E-02
-2.27990E-01,2.93619E-02
-2.27987E-01,2.99722E-02
-2.27983E-01,2.92093E-02
-2.27980E-01,2.92093E-02
-2.27977E-01,2.98959E-02
-2.27974E-01,2.93619E-02
-2.27970E-01,2.93619E-02
-2.27967E-01,2.94382E-02
-2.27964E-01,2.88278E-02
-2.27960E-01,2.92856E-02
-2.27957E-01,2.94382E-02
-2.27954E-01,2.92856E-02
-2.27950E-01,2.97433E-02
-2.27947E-01,3.00485E-02
-2.27944E-01,3.02774E-02
-2.27941E-01,2.95908E-02
-2.27937E-01,2.98196E-02
-2.27934E-01,2.96671E-02
-2.27931E-01,3.05826E-02
-2.27927E-01,3.04300E-02
-2.27924E-01,3.10403E-02
-2.27921E-01,3.21848E-02
-2.27918E-01,3.21848E-02
-2.27914E-01,3.28714E-02
-2.27911E-01,3.29477E-02
-2.27908E-01,3.34055E-02
-2.27904E-01,3.31766E-02
-2.27901E-01,3.30240E-02
-2.27898E-01,3.31003E-02
-2.27894E-01,3.35580E-02
-2.27891E-01,3.34818E-02
-2.27888E-01,3.31766E-02
-2.27885E-01,3.33292E-02
-2.27881E-01,3.31003E-02
-2.27878E-01,3.27188E-02
-2.27875E-01,3.32529E-02
-2.27871E-01,3.21085E-02
-2.27868E-01,3.26425E-02
-2.27865E-01,3.23373E-02
-2.27862E-01,3.18796E-02
-2.27858E-01,3.18033E-02
-2.27855E-01,3.19559E-02
-2.27852E-01,3.16507E-02
-2.27848E-01,3.12692E-02
-2.27845E-01,3.14218E-02
-2.27842E-01,3.06589E-02
-2.27838E-01,3.04300E-02
-2.27835E-01,3.02774E-02
-2.27832E-01,3.02774E-02
-2.27829E-01,2.98959E-02
-2.27825E-01,2.95145E-02
-2.27822E-01,2.93619E-02
-2.27819E-01,2.87515E-02
-2.27815E-01,2.89041E-02
-2.27812E-01,2.95908E-02
-2.27809E-01,2.95908E-02
-2.27805E-01,3.02011E-02
-2.27802E-01,3.10403E-02
-2.27799E-01,3.05063E-02
-2.27796E-01,3.06589E-02
-2.27792E-01,3.02011E-02
-2.27789E-01,3.12692E-02
-2.27786E-01,3.04300E-02
-2.27782E-01,3.02011E-02
-2.27779E-01,3.02774E-02
-2.27776E-01,3.05826E-02
-2.27773E-01,2.98959E-02
-2.27769E-01,3.08878E-02
-2.27766E-01,3.03537E-02
-2.27763E-01,3.00485E-02
-2.27759E-01,3.06589E-02
-2.27756E-01,3.08878E-02
-2.27753E-01,3.05063E-02
-2.27749E-01,3.08878E-02
-2.27746E-01,3.06589E-02
-2.27743E-01,3.02011E-02
-2.27740E-01,3.02774E-02
-2.27736E-01,2.95908E-02
-2.27733E-01,2.86752E-02
-2.27730E-01,2.85226E-02
-2.27726E-01,2.89804E-02
-2.27723E-01,2.79123E-02
-2.27720E-01,2.76834E-02
-2.27716E-01,2.87515E-02
-2.27713E-01,2.89041E-02
-2.27710E-01,2.97433E-02
-2.27707E-01,3.03537E-02
-2.27703E-01,3.05826E-02
-2.27700E-01,3.08878E-02
-2.27697E-01,3.05063E-02
-2.27693E-01,3.10403E-02
-2.27690E-01,2.98959E-02
-2.27687E-01,2.98959E-02
-2.27684E-01,2.98959E-02
-2.27680E-01,2.85989E-02
-2.27677E-01,2.83701E-02
-2.27674E-01,2.92093E-02
-2.27670E-01,2.90567E-02
-2.27667E-01,2.96671E-02
-2.27664E-01,2.99722E-02
-2.27660E-01,2.91330E-02
-2.27657E-01,2.95908E-02
-2.27654E-01,2.89804E-02
-2.27651E-01,2.88278E-02
-2.27647E-01,2.95908E-02
-2.27644E-01,2.92856E-02
-2.27641E-01,2.92093E-02
-2.27637E-01,2.86752E-02
-2.27634E-01,2.85989E-02
-2.27631E-01,2.77597E-02
-2.27627E-01,2.82175E-02
-2.27624E-01,2.92856E-02
-2.27621E-01,2.98196E-02
-2.27618E-01,3.01248E-02
-2.27614E-01,3.06589E-02
-2.27611E-01,2.96671E-02
-2.27608E-01,3.08878E-02
-2.27604E-01,3.11166E-02
-2.27601E-01,3.09641E-02
-2.27598E-01,3.05063E-02
-2.27595E-01,3.00485E-02
-2.27591E-01,2.95908E-02
-2.27588E-01,2.94382E-02
-2.27585E-01,3.00485E-02
-2.27581E-01,2.94382E-02
-2.27578E-01,2.94382E-02
-2.27575E-01,2.90567E-02
-2.27571E-01,2.91330E-02
-2.27568E-01,2.89041E-02
-2.27565E-01,2.84464E-02
-2.27562E-01,2.89804E-02
-2.27558E-01,2.85226E-02
-2.27555E-01,2.90567E-02
-2.27552E-01,2.89804E-02
-2.27548E-01,2.92093E-02
-2.27545E-01,2.90567E-02
-2.27542E-01,3.03537E-02
-2.27538E-01,3.05063E-02
-2.27535E-01,2.98959E-02
-2.27532E-01,3.01248E-02
-2.27529E-01,3.02011E-02
-2.27525E-01,3.08878E-02
-2.27522E-01,2.99722E-02
-2.27519E-01,3.00485E-02
-2.27515E-01,3.08115E-02
-2.27512E-01,3.06589E-02
-2.27509E-01,2.99722E-02
-2.27506E-01,2.98959E-02
-2.27502E-01,2.92856E-02
-2.27499E-01,2.98196E-02
-2.27496E-01,2.93619E-02
-2.27492E-01,3.02774E-02
-2.27489E-01,3.03537E-02
-2.27486E-01,3.04300E-02
-2.27482E-01,3.04300E-02
-2.27479E-01,3.03537E-02
-2.27476E-01,3.04300E-02
-2.27473E-01,3.06589E-02
-2.27469E-01,3.07352E-02
-2.27466E-01,3.02011E-02
-2.27463E-01,3.11929E-02
-2.27459E-01,3.08878E-02
-2.27456E-01,3.13455E-02
-2.27453E-01,3.14218E-02
-2.27450E-01,3.07352E-02
-2.27446E-01,3.04300E-02
-2.27443E-01,2.96671E-02
-2.27440E-01,2.99722E-02
-2.27436E-01,2.93619E-02
-2.27433E-01,2.95908E-02
-2.27430E-01,2.95908E-02
-2.27426E-01,2.98196E-02
-2.27423E-01,2.86752E-02
-2.27420E-01,2.89041E-02
-2.27417E-01,2.93619E-02
-2.27413E-01,2.87515E-02
-2.27410E-01,2.94382E-02
-2.27407E-01,2.98196E-02
-2.27403E-01,2.98959E-02
-2.27400E-01,3.07352E-02
-2.27397E-01,3.11166E-02
-2.27393E-01,3.09641E-02
-2.27390E-01,3.14218E-02
-2.27387E-01,3.16507E-02
-2.27384E-01,3.12692E-02
-2.27380E-01,3.11166E-02
-2.27377E-01,3.11166E-02
-2.27374E-01,3.14981E-02
-2.27370E-01,3.10403E-02
-2.27367E-01,3.11929E-02
-2.27364E-01,3.08878E-02
-2.27361E-01,3.08878E-02
-2.27357E-01,2.99722E-02
-2.27354E-01,2.99722E-02
-2.27351E-01,2.98196E-02
-2.27347E-01,2.93619E-02
-2.27344E-01,2.97433E-02
-2.27341E-01,3.03537E-02
-2.27337E-01,3.09641E-02
-2.27334E-01,3.11166E-02
-2.27331E-01,3.11929E-02
-2.27328E-01,3.14218E-02
-2.27324E-01,3.05063E-02
-2.27321E-01,3.04300E-02
-2.27318E-01,3.00485E-02
-2.27314E-01,3.02011E-02
-2.27311E-01,3.01248E-02
-2.27308E-01,3.01248E-02
-2.27304E-01,3.02011E-02
-2.27301E-01,3.01248E-02
-2.27298E-01,3.05063E-02
-2.27295E-01,2.99722E-02
-2.27291E-01,2.97433E-02
-2.27288E-01,3.09641E-02
-2.27285E-01,3.07352E-02
-2.27281E-01,3.03537E-02
-2.27278E-01,3.04300E-02
-2.27275E-01,3.08115E-02
-2.27272E-01,2.95908E-02
-2.27268E-01,3.08878E-02
-2.27265E-01,3.12692E-02
-2.27262E-01,3.11929E-02
-2.27258E-01,3.12692E-02
-2.27255E-01,3.19559E-02
-2.27252E-01,3.12692E-02
-2.27248E-01,3.11166E-02
-2.27245E-01,3.05826E-02
-2.27242E-01,3.08115E-02
-2.27239E-01,3.08878E-02
-2.27235E-01,3.07352E-02
-2.27232E-01,3.00485E-02
-2.27229E-01,2.97433E-02
-2.27225E-01,3.08115E-02
-2.27222E-01,2.98196E-02
-2.27219E-01,2.94382E-02
-2.27215E-01,2.95145E-02
-2.27212E-01,2.94382E-02
-2.27209E-01,2.82175E-02
-2.27206E-01,2.82938E-02
-2.27202E-01,2.82938E-02
-2.27199E-01,2.83701E-02
-2.27196E-01,2.77597E-02
-2.27192E-01,2.80649E-02
-2.27189E-01,2.76834E-02
-2.27186E-01,2.77597E-02
-2.27183E-01,2.74545E-02
-2.27179E-01,2.78360E-02
-2.27176E-01,2.73019E-02
-2.27173E-01,2.73019E-02
-2.27169E-01,2.72256E-02
-2.27166E-01,2.70731E-02
-2.27163E-01,2.71494E-02
-2.27159E-01,2.68442E-02
-2.27156E-01,2.76071E-02
-2.27153E-01,2.77597E-02
-2.27150E-01,2.77597E-02
-2.27146E-01,2.81412E-02
-2.27143E-01,2.82175E-02
-2.27140E-01,2.87515E-02
-2.27136E-01,2.82175E-02
-2.27133E-01,2.95145E-02
-2.27130E-01,2.88278E-02
-2.27126E-01,2.87515E-02
-2.27123E-01,2.95908E-02
-2.27120E-01,2.94382E-02
-2.27117E-01,2.95145E-02
-2.27113E-01,2.95145E-02
-2.27110E-01,3.03537E-02
-2.27107E-01,3.01248E-02
-2.27103E-01,2.98196E-02
-2.27100E-01,2.97433E-02
-2.27097E-01,3.03537E-02
-2.27094E-01,2.98196E-02
-2.27090E-01,2.91330E-02
-2.27087E-01,2.93619E-02
-2.27084E-01,2.90567E-02
-2.27080E-01,2.93619E-02
-2.27077E-01,3.05826E-02
-2.27074E-01,2.97433E-02
-2.27070E-01,3.02774E-02
-2.27067E-01,3.05063E-02
-2.27064E-01,3.02011E-02
-2.27061E-01,3.14981E-02
-2.27057E-01,3.12692E-02
-2.27054E-01,3.19559E-02
-2.27051E-01,3.13455E-02
-2.27047E-01,3.11929E-02
-2.27044E-01,3.14981E-02
-2.27041E-01,3.11166E-02
-2.27038E-01,2.97433E-02
-2.27034E-01,2.96671E-02
-2.27031E-01,2.96671E-02
-2.27028E-01,2.88278E-02
-2.27024E-01,2.87515E-02
-2.27021E-01,2.83701E-02
-2.27018E-01,2.77597E-02
-2.27014E-01,2.69205E-02
-2.27011E-01,2.64627E-02
-2.27008E-01,2.63101E-02
-2.27005E-01,2.63864E-02
-2.27001E-01,2.63101E-02
-2.26998E-01,2.67679E-02
-2.26995E-01,2.71494E-02
-2.26991E-01,2.72256E-02
-2.26988E-01,2.74545E-02
-2.26985E-01,2.79123E-02
-2.26981E-01,2.79123E-02
-2.26978E-01,2.82938E-02
-2.26975E-01,2.75308E-02
-2.26972E-01,2.77597E-02
-2.26968E-01,2.83701E-02
-2.26965E-01,2.84464E-02
-2.26962E-01,2.95908E-02
-2.26958E-01,2.94382E-02
-2.26955E-01,2.99722E-02
-2.26952E-01,2.98959E-02
-2.26949E-01,3.13455E-02
-2.26945E-01,3.07352E-02
-2.26942E-01,3.07352E-02
-2.26939E-01,3.13455E-02
-2.26935E-01,3.11929E-02
-2.26932E-01,3.13455E-02
-2.26929E-01,3.17270E-02
-2.26925E-01,3.10403E-02
-2.26922E-01,3.09641E-02
-2.26919E-01,3.09641E-02
-2.26916E-01,3.05063E-02
-2.26912E-01,3.04300E-02
-2.26909E-01,2.98196E-02
-2.26906E-01,3.06589E-02
-2.26902E-01,2.98959E-02
-2.26899E-01,2.99722E-02
-2.26896E-01,2.97433E-02
-2.26892E-01,2.82938E-02
-2.26889E-01,2.89041E-02
-2.26886E-01,2.87515E-02
-2.26883E-01,2.88278E-02
-2.26879E-01,2.95908E-02
-2.26876E-01,2.96671E-02
-2.26873E-01,2.95145E-02
-2.26869E-01,2.89041E-02
-2.26866E-01,2.89804E-02
-2.26863E-01,2.85226E-02
-2.26860E-01,2.85989E-02
-2.26856E-01,2.91330E-02
-2.26853E-01,2.89804E-02
-2.26850E-01,2.94382E-02
-2.26846E-01,2.90567E-02
-2.26843E-01,2.85989E-02
-2.26840E-01,2.83701E-02
-2.26836E-01,2.78360E-02
-2.26833E-01,2.83701E-02
-2.26830E-01,2.89804E-02
-2.26827E-01,2.83701E-02
-2.26823E-01,2.82175E-02
-2.26820E-01,2.85989E-02
-2.26817E-01,2.88278E-02
-2.26813E-01,2.82175E-02
-2.26810E-01,2.86752E-02
-2.26807E-01,2.85226E-02
-2.26803E-01,2.86752E-02
-2.26800E-01,2.93619E-02
-2.26797E-01,2.92856E-02
-2.26794E-01,2.97433E-02
-2.26790E-01,3.00485E-02
-2.26787E-01,3.11929E-02
-2.26784E-01,3.23373E-02
-2.26780E-01,3.18033E-02
-2.26777E-01,3.21848E-02
-2.26774E-01,3.18796E-02
-2.26771E-01,3.11166E-02
-2.26767E-01,3.08878E-02
-2.26764E-01,3.07352E-02
-2.26761E-01,3.05826E-02
-2.26757E-01,2.99722E-02
-2.26754E-01,2.99722E-02
-2.26751E-01,2.95908E-02
-2.26747E-01,2.93619E-02
-2.26744E-01,2.92856E-02
-2.26741E-01,2.95908E-02
-2.26738E-01,2.92856E-02
-2.26734E-01,2.92093E-02
-2.26731E-01,2.98959E-02
-2.26728E-01,2.96671E-02
-2.26724E-01,3.03537E-02
-2.26721E-01,3.03537E-02
-2.26718E-01,2.97433E-02
-2.26714E-01,3.00485E-02
-2.26711E-01,3.01248E-02
-2.26708E-01,3.09641E-02
-2.26705E-01,3.05063E-02
-2.26701E-01,3.05063E-02
-2.26698E-01,2.95908E-02
-2.26695E-01,2.92856E-02
-2.26691E-01,2.88278E-02
-2.26688E-01,2.85989E-02
-2.26685E-01,2.82175E-02
-2.26682E-01,2.85226E-02
-2.26678E-01,2.79886E-02
-2.26675E-01,2.82175E-02
-2.26672E-01,2.80649E-02
-2.26668E-01,2.76834E-02
-2.26665E-01,2.69968E-02
-2.26662E-01,2.69968E-02
-2.26658E-01,2.82175E-02
-2.26655E-01,2.77597E-02
-2.26652E-01,2.85226E-02
-2.26649E-01,2.82938E-02
-2.26645E-01,2.81412E-02
-2.26642E-01,2.81412E-02
-2.26639E-01,2.84464E-02
-2.26635E-01,2.85226E-02
-2.26632E-01,2.74545E-02
-2.26629E-01,2.75308E-02
-2.26626E-01,2.79886E-02
-2.26622E-01,2.81412E-02
-2.26619E-01,2.79886E-02
-2.26616E-01,2.82938E-02
-2.26612E-01,2.91330E-02
-2.26609E-01,2.89041E-02
-2.26606E-01,2.97433E-02
-2.26602E-01,2.95145E-02
-2.26599E-01,2.94382E-02
-2.26596E-01,2.98196E-02
-2.26593E-01,3.01248E-02
-2.26589E-01,2.92856E-02
-2.26586E-01,2.93619E-02
-2.26583E-01,2.92093E-02
-2.26579E-01,2.96671E-02
-2.26576E-01,2.90567E-02
-2.26573E-01,2.92856E-02
-2.26569E-01,2.96671E-02
-2.26566E-01,2.94382E-02
-2.26563E-01,2.88278E-02
-2.26560E-01,2.87515E-02
-2.26556E-01,2.83701E-02
-2.26553E-01,2.85989E-02
-2.26550E-01,2.94382E-02
-2.26546E-01,2.89804E-02
-2.26543E-01,2.93619E-02
-2.26540E-01,2.98959E-02
-2.26537E-01,2.89041E-02
-2.26533E-01,2.95908E-02
-2.26530E-01,2.98196E-02
-2.26527E-01,2.97433E-02
-2.26523E-01,2.95908E-02
-2.26520E-01,2.99722E-02
-2.26517E-01,3.10403E-02
-2.26513E-01,3.02774E-02
-2.26510E-01,3.02011E-02
-2.26507E-01,3.00485E-02
-2.26504E-01,3.02011E-02
-2.26500E-01,3.00485E-02
-2.26497E-01,2.95908E-02
-2.26494E-01,2.95145E-02
-2.26490E-01,2.94382E-02
-2.26487E-01,2.95145E-02
-2.26484E-01,2.94382E-02
-2.26480E-01,2.84464E-02
-2.26477E-01,2.81412E-02
-2.26474E-01,2.76834E-02
-2.26471E-01,2.69968E-02
-2.26467E-01,2.78360E-02
-2.26464E-01,2.79123E-02
-2.26461E-01,2.76834E-02
-2.26457E-01,2.83701E-02
-2.26454E-01,2.87515E-02
-2.26451E-01,2.93619E-02
-2.26448E-01,2.85989E-02
-2.26444E-01,2.84464E-02
-2.26441E-01,2.86752E-02
-2.26438E-01,2.85226E-02
-2.26434E-01,2.92856E-02
-2.26431E-01,2.96671E-02
-2.26428E-01,2.93619E-02
-2.26424E-01,2.90567E-02
-2.26421E-01,2.99722E-02
-2.26418E-01,2.98196E-02
-2.26415E-01,2.92093E-02
-2.26411E-01,2.95908E-02
-2.26408E-01,2.89804E-02
-2.26405E-01,2.86752E-02
-2.26401E-01,2.90567E-02
-2.26398E-01,2.88278E-02
-2.26395E-01,2.91330E-02
-2.26391E-01,2.95908E-02
-2.26388E-01,2.96671E-02
-2.26385E-01,2.96671E-02
-2.26382E-01,2.94382E-02
-2.26378E-01,2.98196E-02
-2.26375E-01,2.98959E-02
-2.26372E-01,2.98959E-02
-2.26368E-01,3.02011E-02
-2.26365E-01,3.05826E-02
-2.26362E-01,3.04300E-02
-2.26359E-01,3.00485E-02
-2.26355E-01,3.03537E-02
-2.26352E-01,2.99722E-02
-2.26349E-01,3.01248E-02
-2.26345E-01,3.07352E-02
-2.26342E-01,3.05063E-02
-2.26339E-01,3.05826E-02
-2.26335E-01,3.00485E-02
-2.26332E-01,3.04300E-02
-2.26329E-01,3.05063E-02
-2.26326E-01,3.00485E-02
-2.26322E-01,3.11166E-02
-2.26319E-01,3.12692E-02
-2.26316E-01,3.06589E-02
-2.26312E-01,3.07352E-02
-2.26309E-01,3.00485E-02
-2.26306E-01,2.96671E-02
-2.26302E-01,2.92856E-02
-2.26299E-01,2.98959E-02
-2.26296E-01,2.96671E-02
-2.26293E-01,2.89804E-02
-2.26289E-01,2.96671E-02
-2.26286E-01,2.92093E-02
-2.26283E-01,2.93619E-02
-2.26279E-01,2.98196E-02
-2.26276E-01,3.02011E-02
-2.26273E-01,3.03537E-02
-2.26270E-01,3.11166E-02
-2.26266E-01,3.21085E-02
-2.26263E-01,3.23373E-02
-2.26260E-01,3.19559E-02
-2.26256E-01,3.23373E-02
-2.26253E-01,3.19559E-02
-2.26250E-01,3.19559E-02
-2.26246E-01,3.22610E-02
-2.26243E-01,3.10403E-02
-2.26240E-01,3.08878E-02
-2.26237E-01,3.01248E-02
-2.26233E-01,2.95908E-02
-2.26230E-01,2.85989E-02
-2.26227E-01,2.82938E-02
-2.26223E-01,2.80649E-02
-2.26220E-01,2.77597E-02
-2.26217E-01,2.71494E-02
-2.26214E-01,2.66153E-02
-2.26210E-01,2.65390E-02
-2.26207E-01,2.59286E-02
-2.26204E-01,2.62338E-02
-2.26200E-01,2.53183E-02
-2.26197E-01,2.56998E-02
-2.26194E-01,2.54709E-02
-2.26190E-01,2.59286E-02
-2.26187E-01,2.66916E-02
-2.26184E-01,2.59286E-02
-2.26181E-01,2.67679E-02
-2.26177E-01,2.63864E-02
-2.26174E-01,2.63101E-02
-2.26171E-01,2.68442E-02
-2.26167E-01,2.67679E-02
-2.26164E-01,2.65390E-02
-2.26161E-01,2.79886E-02
-2.26157E-01,2.84464E-02
-2.26154E-01,2.89804E-02
-2.26151E-01,2.92093E-02
-2.26148E-01,2.99722E-02
-2.26144E-01,2.97433E-02
-2.26141E-01,2.98959E-02
-2.26138E-01,3.03537E-02
-2.26134E-01,3.01248E-02
-2.26131E-01,3.00485E-02
-2.26128E-01,2.95908E-02
-2.26125E-01,2.99722E-02
-2.26121E-01,2.98196E-02
-2.26118E-01,3.00485E-02
-2.26115E-01,3.05826E-02
-2.26111E-01,3.07352E-02
-2.26108E-01,3.06589E-02
-2.26105E-01,2.96671E-02
-2.26101E-01,2.94382E-02
-2.26098E-01,2.90567E-02
-2.26095E-01,2.95908E-02
-2.26092E-01,2.81412E-02
-2.26088E-01,2.81412E-02
-2.26085E-01,2.77597E-02
-2.26082E-01,2.76834E-02
-2.26078E-01,2.70731E-02
-2.26075E-01,2.68442E-02
-2.26072E-01,2.69205E-02
-2.26068E-01,2.64627E-02
-2.26065E-01,2.63101E-02
-2.26062E-01,2.67679E-02
-2.26059E-01,2.73782E-02
-2.26055E-01,2.67679E-02
-2.26052E-01,2.78360E-02
-2.26049E-01,2.74545E-02
-2.26045E-01,2.76071E-02
-2.26042E-01,2.82938E-02
-2.26039E-01,2.81412E-02
-2.26036E-01,2.90567E-02
-2.26032E-01,2.89804E-02
-2.26029E-01,2.93619E-02
-2.26026E-01,2.81412E-02
-2.26022E-01,2.88278E-02
-2.26019E-01,2.90567E-02
-2.26016E-01,2.90567E-02
-2.26012E-01,2.91330E-02
-2.26009E-01,2.91330E-02
-2.26006E-01,2.88278E-02
-2.26003E-01,2.89041E-02
-2.25999E-01,2.91330E-02
-2.25996E-01,2.84464E-02
-2.25993E-01,2.89804E-02
-2.25989E-01,2.80649E-02
-2.25986E-01,2.83701E-02
-2.25983E-01,2.79886E-02
-2.25979E-01,2.73782E-02
-2.25976E-01,2.76071E-02
-2.25973E-01,2.79886E-02
-2.25970E-01,2.72256E-02
-2.25966E-01,2.69205E-02
-2.25963E-01,2.73782E-02
-2.25960E-01,2.76071E-02
-2.25956E-01,2.70731E-02
-2.25953E-01,2.74545E-02
-2.25950E-01,2.74545E-02
-2.25947E-01,2.62338E-02
-2.25943E-01,2.66153E-02
-2.25940E-01,2.70731E-02
-2.25937E-01,2.64627E-02
-2.25933E-01,2.64627E-02
-2.25930E-01,2.71494E-02
-2.25927E-01,2.70731E-02
-2.25923E-01,2.72256E-02
-2.25920E-01,2.76834E-02
-2.25917E-01,2.76834E-02
-2.25914E-01,2.72256E-02
-2.25910E-01,2.79123E-02
-2.25907E-01,2.75308E-02
-2.25904E-01,2.80649E-02
-2.25900E-01,2.84464E-02
-2.25897E-01,2.90567E-02
-2.25894E-01,3.02011E-02
-2.25890E-01,3.07352E-02
-2.25887E-01,3.24136E-02
-2.25884E-01,3.32529E-02
-2.25881E-01,3.31003E-02
-2.25877E-01,3.37869E-02
-2.25874E-01,3.43210E-02
-2.25871E-01,3.46262E-02
-2.25867E-01,3.38632E-02
-2.25864E-01,3.35580E-02
-2.25861E-01,3.27188E-02
-2.25858E-01,3.27951E-02
-2.25854E-01,3.21848E-02
-2.25851E-01,3.15744E-02
-2.25848E-01,3.08878E-02
-2.25844E-01,2.98196E-02
-2.25841E-01,2.98196E-02
-2.25838E-01,2.96671E-02
-2.25834E-01,3.00485E-02
-2.25831E-01,3.01248E-02
-2.25828E-01,3.02011E-02
-2.25825E-01,3.01248E-02
-2.25821E-01,3.03537E-02
-2.25818E-01,3.08878E-02
-2.25815E-01,3.07352E-02
-2.25811E-01,3.04300E-02
-2.25808E-01,3.11929E-02
-2.25805E-01,3.05826E-02
-2.25802E-01,3.13455E-02
-2.25798E-01,3.08115E-02
-2.25795E-01,3.06589E-02
-2.25792E-01,3.10403E-02
-2.25788E-01,3.14218E-02
-2.25785E-01,3.16507E-02
-2.25782E-01,3.17270E-02
-2.25778E-01,3.22610E-02
-2.25775E-01,3.24899E-02
-2.25772E-01,3.23373E-02
-2.25769E-01,3.21848E-02
-2.25765E-01,3.24136E-02
-2.25762E-01,3.18033E-02
-2.25759E-01,3.19559E-02
-2.25755E-01,3.23373E-02
-2.25752E-01,3.18796E-02
-2.25749E-01,3.10403E-02
-2.25745E-01,2.99722E-02
-2.25742E-01,2.95145E-02
-2.25739E-01,2.88278E-02
-2.25736E-01,2.77597E-02
-2.25732E-01,2.82175E-02
-2.25729E-01,2.76071E-02
-2.25726E-01,2.69968E-02
-2.25722E-01,2.63101E-02
-2.25719E-01,2.64627E-02
-2.25716E-01,2.63864E-02
-2.25713E-01,2.72256E-02
-2.25709E-01,2.77597E-02
-2.25706E-01,2.81412E-02
-2.25703E-01,2.73782E-02
-2.25699E-01,2.76071E-02
-2.25696E-01,2.76834E-02
-2.25693E-01,2.87515E-02
-2.25689E-01,2.76834E-02
-2.25686E-01,2.86752E-02
-2.25683E-01,2.87515E-02
-2.25680E-01,2.89041E-02
-2.25676E-01,2.86752E-02
-2.25673E-01,2.95145E-02
-2.25670E-01,2.89804E-02
-2.25666E-01,2.94382E-02
-2.25663E-01,2.82938E-02
-2.25660E-01,2.79886E-02
-2.25656E-01,2.84464E-02
-2.25653E-01,2.79886E-02
-2.25650E-01,2.87515E-02
-2.25647E-01,2.92093E-02
-2.25643E-01,2.99722E-02
-2.25640E-01,3.03537E-02
-2.25637E-01,3.08878E-02
-2.25633E-01,2.99722E-02
-2.25630E-01,2.95908E-02
-2.25627E-01,2.99722E-02
-2.25624E-01,3.00485E-02
-2.25620E-01,2.93619E-02
-2.25617E-01,2.92856E-02
-2.25614E-01,2.82938E-02
-2.25610E-01,2.86752E-02
-2.25607E-01,2.91330E-02
-2.25604E-01,2.88278E-02
-2.25600E-01,2.82175E-02
-2.25597E-01,2.82938E-02
-2.25594E-01,2.76834E-02
-2.25591E-01,2.89804E-02
-2.25587E-01,2.89041E-02
-2.25584E-01,2.85226E-02
-2.25581E-01,2.89041E-02
-2.25577E-01,2.91330E-02
-2.25574E-01,2.93619E-02
-2.25571E-01,2.93619E-02
-2.25567E-01,2.90567E-02
-2.25564E-01,2.98196E-02
-2.25561E-01,3.02774E-02
-2.25558E-01,3.00485E-02
-2.25554E-01,2.98959E-02
-2.25551E-01,3.02774E-02
-2.25548E-01,2.92093E-02
-2.25544E-01,2.99722E-02
-2.25541E-01,2.99722E-02
-2.25538E-01,3.05063E-02
-2.25535E-01,2.98196E-02
-2.25531E-01,2.95145E-02
-2.25528E-01,2.89804E-02
-2.25525E-01,2.82938E-02
-2.25521E-01,2.95908E-02
-2.25518E-01,2.90567E-02
-2.25515E-01,2.94382E-02
-2.25511E-01,2.88278E-02
-2.25508E-01,2.80649E-02
-2.25505E-01,2.82938E-02
-2.25502E-01,2.75308E-02
-2.25498E-01,2.72256E-02
-2.25495E-01,2.73782E-02
-2.25492E-01,2.73782E-02
-2.25488E-01,2.69205E-02
-2.25485E-01,2.66916E-02
-2.25482E-01,2.72256E-02
-2.25478E-01,2.72256E-02
-2.25475E-01,2.76071E-02
-2.25472E-01,2.76834E-02
-2.25469E-01,2.71494E-02
-2.25465E-01,2.77597E-02
-2.25462E-01,2.70731E-02
-2.25459E-01,2.82175E-02
-2.25455E-01,2.83701E-02
-2.25452E-01,2.83701E-02
-2.25449E-01,2.82175E-02
-2.25446E-01,2.87515E-02
-2.25442E-01,2.89041E-02
-2.25439E-01,2.95145E-02
-2.25436E-01,2.95908E-02
-2.25432E-01,2.96671E-02
-2.25429E-01,2.92856E-02
-2.25426E-01,2.94382E-02
-2.25422E-01,2.98196E-02
-2.25419E-01,3.02774E-02
-2.25416E-01,3.08115E-02
-2.25413E-01,3.08878E-02
-2.25409E-01,3.18033E-02
-2.25406E-01,3.18033E-02
-2.25403E-01,3.14981E-02
-2.25399E-01,3.12692E-02
-2.25396E-01,3.11929E-02
-2.25393E-01,3.08115E-02
-2.25390E-01,3.05826E-02
-2.25386E-01,3.08878E-02
-2.25383E-01,3.03537E-02
-2.25380E-01,3.01248E-02
-2.25376E-01,3.08115E-02
-2.25373E-01,3.02774E-02
-2.25370E-01,2.98959E-02
-2.25366E-01,2.98196E-02
-2.25363E-01,2.95908E-02
-2.25360E-01,2.88278E-02
-2.25357E-01,2.94382E-02
-2.25353E-01,2.89041E-02
-2.25350E-01,2.89041E-02
-2.25347E-01,2.88278E-02
-2.25343E-01,2.85989E-02
-2.25340E-01,2.80649E-02
-2.25337E-01,2.82175E-02
-2.25333E-01,2.84464E-02
-2.25330E-01,2.89041E-02
-2.25327E-01,2.87515E-02
-2.25324E-01,2.93619E-02
-2.25320E-01,3.00485E-02
-2.25317E-01,2.94382E-02
-2.25314E-01,2.95145E-02
-2.25310E-01,2.95908E-02
-2.25307E-01,2.93619E-02
-2.25304E-01,2.92093E-02
-2.25301E-01,2.95908E-02
-2.25297E-01,2.95908E-02
-2.25294E-01,2.90567E-02
-2.25291E-01,2.79886E-02
-2.25287E-01,2.82175E-02
-2.25284E-01,2.85989E-02
-2.25281E-01,2.88278E-02
-2.25277E-01,2.85226E-02
-2.25274E-01,2.88278E-02
-2.25271E-01,2.79886E-02
-2.25268E-01,2.79123E-02
-2.25264E-01,2.75308E-02
-2.25261E-01,2.82938E-02
-2.25258E-01,2.76834E-02
-2.25254E-01,2.82175E-02
-2.25251E-01,2.82175E-02
-2.25248E-01,2.95908E-02
-2.25244E-01,3.02011E-02
-2.25241E-01,3.00485E-02
-2.25238E-01,3.01248E-02
-2.25235E-01,3.03537E-02
-2.25231E-01,2.99722E-02
-2.25228E-01,2.94382E-02
-2.25225E-01,3.08878E-02
-2.25221E-01,3.05063E-02
-2.25218E-01,3.06589E-02
-2.25215E-01,3.03537E-02
-2.25212E-01,2.98196E-02
-2.25208E-01,3.05826E-02
-2.25205E-01,2.96671E-02
-2.25202E-01,3.00485E-02
-2.25198E-01,2.93619E-02
-2.25195E-01,2.98196E-02
-2.25192E-01,2.89041E-02
-2.25188E-01,2.86752E-02
-2.25185E-01,2.86752E-02
-2.25182E-01,2.82175E-02
-2.25179E-01,2.82938E-02
-2.25175E-01,2.84464E-02
-2.25172E-01,2.85226E-02
-2.25169E-01,2.89804E-02
-2.25165E-01,2.95908E-02
-2.25162E-01,2.90567E-02
-2.25159E-01,2.89041E-02
-2.25155E-01,2.94382E-02
-2.25152E-01,2.96671E-02
-2.25149E-01,3.02774E-02
-2.25146E-01,3.01248E-02
-2.25142E-01,3.05063E-02
-2.25139E-01,3.07352E-02
-2.25136E-01,2.98196E-02
-2.25132E-01,3.10403E-02
-2.25129E-01,3.13455E-02
-2.25126E-01,3.06589E-02
-2.25123E-01,3.11166E-02
-2.25119E-01,3.10403E-02
-2.25116E-01,3.18796E-02
-2.25113E-01,3.04300E-02
-2.25109E-01,3.09641E-02
-2.25106E-01,3.09641E-02
-2.25103E-01,3.05826E-02
-2.25099E-01,3.09641E-02
-2.25096E-01,3.14218E-02
-2.25093E-01,3.02011E-02
-2.25090E-01,3.02774E-02
-2.25086E-01,3.06589E-02
-2.25083E-01,3.04300E-02
-2.25080E-01,2.98196E-02
-2.25076E-01,2.96671E-02
-2.25073E-01,2.96671E-02
-2.25070E-01,2.96671E-02
-2.25066E-01,2.94382E-02
-2.25063E-01,3.02774E-02
-2.25060E-01,2.92856E-02
-2.25057E-01,2.87515E-02
-2.25053E-01,2.92856E-02
-2.25050E-01,2.81412E-02
-2.25047E-01,2.84464E-02
-2.25043E-01,2.88278E-02
-2.25040E-01,2.84464E-02
-2.25037E-01,2.85989E-02
-2.25034E-01,2.80649E-02
-2.25030E-01,2.77597E-02
-2.25027E-01,2.78360E-02
-2.25024E-01,2.81412E-02
-2.25020E-01,2.82938E-02
-2.25017E-01,2.83701E-02
-2.25014E-01,2.83701E-02
-2.25010E-01,2.88278E-02
-2.25007E-01,2.82938E-02
-2.25004E-01,2.85989E-02
-2.25001E-01,2.85989E-02
-2.24997E-01,2.83701E-02
-2.24994E-01,2.81412E-02
-2.24991E-01,2.88278E-02
-2.24987E-01,2.88278E-02
-2.24984E-01,2.93619E-02
-2.24981E-01,2.94382E-02
-2.24978E-01,3.02011E-02
-2.24974E-01,2.95145E-02
-2.24971E-01,2.95145E-02
-2.24968E-01,2.97433E-02
-2.24964E-01,3.04300E-02
-2.24961E-01,2.97433E-02
-2.24958E-01,3.02774E-02
-2.24954E-01,2.98959E-02
-2.24951E-01,2.92093E-02
-2.24948E-01,2.82938E-02
-2.24945E-01,2.82938E-02
-2.24941E-01,2.85226E-02
-2.24938E-01,2.79123E-02
-2.24935E-01,2.90567E-02
-2.24931E-01,2.98959E-02
-2.24928E-01,3.02011E-02
-2.24925E-01,3.18796E-02
-2.24921E-01,3.21085E-02
-2.24918E-01,3.16507E-02
-2.24915E-01,3.06589E-02
-2.24912E-01,3.08115E-02
-2.24908E-01,3.07352E-02
-2.24905E-01,3.05063E-02
-2.24902E-01,3.00485E-02
-2.24898E-01,3.09641E-02
-2.24895E-01,2.95145E-02
-2.24892E-01,2.96671E-02
-2.24889E-01,2.94382E-02
-2.24885E-01,2.93619E-02
-2.24882E-01,2.91330E-02
-2.24879E-01,2.86752E-02
-2.24875E-01,2.93619E-02
-2.24872E-01,2.98196E-02
-2.24869E-01,3.02774E-02
-2.24865E-01,3.00485E-02
-2.24862E-01,2.95145E-02
-2.24859E-01,2.92093E-02
-2.24856E-01,2.96671E-02
-2.24852E-01,2.98196E-02
-2.24849E-01,2.91330E-02
-2.24846E-01,2.95908E-02
-2.24842E-01,2.95908E-02
-2.24839E-01,2.92856E-02
-2.24836E-01,2.92093E-02
-2.24832E-01,2.94382E-02
-2.24829E-01,2.91330E-02
-2.24826E-01,2.82938E-02
-2.24823E-01,2.85226E-02
-2.24819E-01,2.90567E-02
-2.24816E-01,2.90567E-02
-2.24813E-01,2.91330E-02
-2.24809E-01,2.80649E-02
-2.24806E-01,2.81412E-02
-2.24803E-01,2.73782E-02
-2.24800E-01,2.79886E-02
-2.24796E-01,2.88278E-02
-2.24793E-01,2.83701E-02
-2.24790E-01,2.80649E-02
-2.24786E-01,2.89804E-02
-2.24783E-01,2.83701E-02
-2.24780E-01,2.86752E-02
-2.24776E-01,2.92856E-02
-2.24773E-01,2.89804E-02
-2.24770E-01,2.85226E-02
-2.24767E-01,2.85226E-02
-2.24763E-01,2.75308E-02
-2.24760E-01,2.70731E-02
-2.24757E-01,2.69205E-02
-2.24753E-01,2.69968E-02
-2.24750E-01,2.66153E-02
-2.24747E-01,2.56998E-02
-2.24743E-01,2.63864E-02
-2.24740E-01,2.60049E-02
-2.24737E-01,2.54709E-02
-2.24734E-01,2.64627E-02
-2.24730E-01,2.60812E-02
-2.24727E-01,2.62338E-02
-2.24724E-01,2.54709E-02
-2.24720E-01,2.58524E-02
-2.24717E-01,2.54709E-02
-2.24714E-01,2.61575E-02
-2.24711E-01,2.63101E-02
-2.24707E-01,2.61575E-02
-2.24704E-01,2.55472E-02
-2.24701E-01,2.61575E-02
-2.24697E-01,2.62338E-02
-2.24694E-01,2.64627E-02
-2.24691E-01,2.73019E-02
-2.24687E-01,2.86752E-02
-2.24684E-01,2.87515E-02
-2.24681E-01,2.92093E-02
-2.24678E-01,2.89041E-02
-2.24674E-01,2.89041E-02
-2.24671E-01,2.88278E-02
-2.24668E-01,2.90567E-02
-2.24664E-01,2.95908E-02
-2.24661E-01,2.87515E-02
-2.24658E-01,2.98196E-02
-2.24654E-01,3.00485E-02
-2.24651E-01,2.96671E-02
-2.24648E-01,2.98959E-02
-2.24645E-01,2.95145E-02
-2.24641E-01,2.98196E-02
-2.24638E-01,2.85989E-02
-2.24635E-01,3.00485E-02
-2.24631E-01,3.01248E-02
-2.24628E-01,3.02774E-02
-2.24625E-01,3.03537E-02
-2.24622E-01,3.02774E-02
-2.24618E-01,2.98196E-02
-2.24615E-01,2.93619E-02
-2.24612E-01,2.95145E-02
-2.24608E-01,2.90567E-02
-2.24605E-01,2.92093E-02
-2.24602E-01,2.95908E-02
-2.24598E-01,2.97433E-02
-2.24595E-01,2.94382E-02
-2.24592E-01,2.91330E-02
-2.24589E-01,2.89804E-02
-2.24585E-01,2.91330E-02
-2.24582E-01,2.79123E-02
-2.24579E-01,2.79886E-02
-2.24575E-01,2.79886E-02
-2.24572E-01,2.82175E-02
-2.24569E-01,2.72256E-02
-2.24566E-01,2.75308E-02
-2.24562E-01,2.74545E-02
-2.24559E-01,2.73782E-02
-2.24556E-01,2.87515E-02
-2.24552E-01,2.77597E-02
-2.24549E-01,2.82938E-02
-2.24546E-01,2.85226E-02
-2.24542E-01,2.87515E-02
-2.24539E-01,2.83701E-02
-2.24536E-01,2.86752E-02
-2.24533E-01,2.89041E-02
-2.24529E-01,2.92093E-02
-2.24526E-01,2.85989E-02
-2.24523E-01,2.85989E-02
-2.24519E-01,2.85989E-02
-2.24516E-01,2.88278E-02
-2.24513E-01,2.90567E-02
-2.24509E-01,2.83701E-02
-2.24506E-01,2.79886E-02
-2.24503E-01,2.77597E-02
-2.24500E-01,2.83701E-02
-2.24496E-01,2.82175E-02
-2.24493E-01,2.79123E-02
-2.24490E-01,2.79123E-02
-2.24486E-01,2.78360E-02
-2.24483E-01,2.74545E-02
-2.24480E-01,2.85226E-02
-2.24477E-01,2.85989E-02
-2.24473E-01,2.86752E-02
-2.24470E-01,2.84464E-02
-2.24467E-01,2.81412E-02
-2.24463E-01,2.76071E-02
-2.24460E-01,2.75308E-02
-2.24457E-01,2.82938E-02
-2.24453E-01,2.79886E-02
-2.24450E-01,2.79886E-02
-2.24447E-01,2.89041E-02
-2.24444E-01,2.89804E-02
-2.24440E-01,2.87515E-02
-2.24437E-01,2.81412E-02
-2.24434E-01,2.86752E-02
-2.24430E-01,2.88278E-02
-2.24427E-01,2.94382E-02
-2.24424E-01,2.92856E-02
-2.24420E-01,2.76071E-02
-2.24417E-01,2.73782E-02
-2.24414E-01,2.76071E-02
-2.24411E-01,2.79123E-02
-2.24407E-01,2.82175E-02
-2.24404E-01,2.96671E-02
-2.24401E-01,3.00485E-02
-2.24397E-01,2.88278E-02
-2.24394E-01,2.92093E-02
-2.24391E-01,2.95145E-02
-2.24388E-01,3.24899E-02
-2.24384E-01,3.01248E-02
-2.24381E-01,3.00485E-02
-2.24378E-01,3.02011E-02
-2.24374E-01,3.00485E-02
-2.24371E-01,2.95908E-02
-2.24368E-01,2.89041E-02
-2.24364E-01,2.90567E-02
-2.24361E-01,2.86752E-02
-2.24358E-01,2.92093E-02
-2.24355E-01,2.81412E-02
-2.24351E-01,2.70731E-02
-2.24348E-01,2.73019E-02
-2.24345E-01,2.73019E-02
-2.24341E-01,2.73019E-02
-2.24338E-01,2.73019E-02
-2.24335E-01,2.76834E-02
-2.24331E-01,2.74545E-02
-2.24328E-01,2.70731E-02
-2.24325E-01,2.69968E-02
-2.24322E-01,2.69968E-02
-2.24318E-01,2.73782E-02
-2.24315E-01,2.68442E-02
-2.24312E-01,2.65390E-02
-2.24308E-01,2.63864E-02
-2.24305E-01,2.64627E-02
-2.24302E-01,2.66916E-02
-2.24299E-01,2.68442E-02
-2.24295E-01,2.74545E-02
-2.24292E-01,2.77597E-02
-2.24289E-01,2.79123E-02
-2.24285E-01,2.77597E-02
-2.24282E-01,2.86752E-02
-2.24279E-01,2.92856E-02
-2.24275E-01,3.04300E-02
-2.24272E-01,3.09641E-02
-2.24269E-01,3.14981E-02
-2.24266E-01,3.14981E-02
-2.24262E-01,3.18033E-02
-2.24259E-01,3.18796E-02
-2.24256E-01,3.18796E-02
-2.24252E-01,3.13455E-02
-2.24249E-01,3.15744E-02
-2.24246E-01,3.11166E-02
-2.24242E-01,3.05063E-02
-2.24239E-01,3.05063E-02
-2.24236E-01,3.08878E-02
-2.24233E-01,3.05826E-02
-2.24229E-01,3.05063E-02
-2.24226E-01,3.08878E-02
-2.24223E-01,2.95145E-02
-2.24219E-01,3.04300E-02
-2.24216E-01,3.04300E-02
-2.24213E-01,2.95145E-02
-2.24210E-01,2.86752E-02
-2.24206E-01,2.78360E-02
-2.24203E-01,2.76071E-02
-2.24200E-01,2.69968E-02
-2.24196E-01,2.73019E-02
-2.24193E-01,2.70731E-02
-2.24190E-01,2.59286E-02
-2.24186E-01,2.63864E-02
-2.24183E-01,2.66153E-02
-2.24180E-01,2.67679E-02
-2.24177E-01,2.71494E-02
-2.24173E-01,2.69205E-02
-2.24170E-01,2.73019E-02
-2.24167E-01,2.75308E-02
-2.24163E-01,2.76071E-02
-2.24160E-01,2.85989E-02
-2.24157E-01,2.80649E-02
-2.24154E-01,2.82938E-02
-2.24150E-01,2.80649E-02
-2.24147E-01,2.86752E-02
-2.24144E-01,2.83701E-02
-2.24140E-01,2.82938E-02
-2.24137E-01,2.72256E-02
-2.24134E-01,2.69968E-02
-2.24130E-01,2.76834E-02
-2.24127E-01,2.70731E-02
-2.24124E-01,2.77597E-02
-2.24121E-01,2.69205E-02
-2.24117E-01,2.69205E-02
-2.24114E-01,2.72256E-02
-2.24111E-01,2.73019E-02
-2.24107E-01,2.76834E-02
-2.24104E-01,2.73019E-02
-2.24101E-01,2.79886E-02
-2.24097E-01,2.78360E-02
-2.24094E-01,2.76834E-02
-2.24091E-01,2.72256E-02
-2.24088E-01,2.79123E-02
-2.24084E-01,2.69205E-02
-2.24081E-01,2.76071E-02
-2.24078E-01,2.76071E-02
-2.24074E-01,2.80649E-02
-2.24071E-01,2.79886E-02
-2.24068E-01,2.82938E-02
-2.24065E-01,2.85226E-02
-2.24061E-01,2.85226E-02
-2.24058E-01,2.85989E-02
-2.24055E-01,2.94382E-02
-2.24051E-01,2.95908E-02
-2.24048E-01,2.89804E-02
-2.24045E-01,2.99722E-02
-2.24041E-01,3.01248E-02
-2.24038E-01,2.99722E-02
-2.24035E-01,3.00485E-02
-2.24032E-01,3.01248E-02
-2.24028E-01,3.01248E-02
-2.24025E-01,3.07352E-02
-2.24022E-01,2.99722E-02
-2.24018E-01,2.95145E-02
-2.24015E-01,2.98196E-02
-2.24012E-01,2.99722E-02
-2.24008E-01,3.03537E-02
-2.24005E-01,3.01248E-02
-2.24002E-01,3.03537E-02
-2.23999E-01,3.02774E-02
-2.23995E-01,2.92093E-02
-2.23992E-01,2.88278E-02
-2.23989E-01,2.84464E-02
-2.23985E-01,2.76071E-02
-2.23982E-01,2.85989E-02
-2.23979E-01,2.82938E-02
-2.23976E-01,2.73782E-02
-2.23972E-01,2.76071E-02
-2.23969E-01,2.78360E-02
-2.23966E-01,2.78360E-02
-2.23962E-01,2.80649E-02
-2.23959E-01,2.80649E-02
-2.23956E-01,2.85989E-02
-2.23952E-01,2.72256E-02
-2.23949E-01,2.85226E-02
-2.23946E-01,2.80649E-02
-2.23943E-01,2.85989E-02
-2.23939E-01,2.93619E-02
-2.23936E-01,2.95145E-02
-2.23933E-01,3.02774E-02
-2.23929E-01,3.05826E-02
-2.23926E-01,3.06589E-02
-2.23923E-01,3.05826E-02
-2.23919E-01,3.05063E-02
-2.23916E-01,3.08878E-02
-2.23913E-01,3.06589E-02
-2.23910E-01,3.12692E-02
-2.23906E-01,3.17270E-02
-2.23903E-01,3.08878E-02
-2.23900E-01,3.15744E-02
-2.23896E-01,3.13455E-02
-2.23893E-01,3.15744E-02
-2.23890E-01,3.06589E-02
-2.23887E-01,3.08878E-02
-2.23883E-01,3.13455E-02
-2.23880E-01,3.14981E-02
-2.23877E-01,3.08878E-02
-2.23873E-01,3.07352E-02
-2.23870E-01,3.05063E-02
-2.23867E-01,3.01248E-02
-2.23863E-01,3.05826E-02
-2.23860E-01,3.05063E-02
-2.23857E-01,2.95145E-02
-2.23854E-01,2.92856E-02
-2.23850E-01,2.96671E-02
-2.23847E-01,2.93619E-02
-2.23844E-01,2.89041E-02
-2.23840E-01,2.91330E-02
-2.23837E-01,2.81412E-02
-2.23834E-01,2.87515E-02
-2.23830E-01,2.92093E-02
-2.23827E-01,2.92093E-02
-2.23824E-01,2.89804E-02
-2.23821E-01,3.01248E-02
-2.23817E-01,3.08115E-02
-2.23814E-01,3.05063E-02
-2.23811E-01,3.10403E-02
-2.23807E-01,3.08878E-02
-2.23804E-01,3.02011E-02
-2.23801E-01,3.06589E-02
-2.23798E-01,3.14218E-02
-2.23794E-01,3.08878E-02
-2.23791E-01,3.08878E-02
-2.23788E-01,3.05063E-02
-2.23784E-01,3.08115E-02
-2.23781E-01,3.05826E-02
-2.23778E-01,3.02011E-02
-2.23774E-01,3.01248E-02
-2.23771E-01,2.98196E-02
-2.23768E-01,2.98196E-02
-2.23765E-01,2.98196E-02
-2.23761E-01,3.04300E-02
-2.23758E-01,3.22610E-02
-2.23755E-01,3.24136E-02
-2.23751E-01,3.24136E-02
-2.23748E-01,3.26425E-02
-2.23745E-01,3.31766E-02
-2.23742E-01,3.31003E-02
-2.23738E-01,3.24899E-02
-2.23735E-01,3.29477E-02
-2.23732E-01,3.20322E-02
-2.23728E-01,3.11166E-02
-2.23725E-01,3.05063E-02
-2.23722E-01,2.98196E-02
-2.23718E-01,2.90567E-02
-2.23715E-01,2.86752E-02
-2.23712E-01,2.86752E-02
-2.23709E-01,2.80649E-02
-2.23705E-01,2.89041E-02
-2.23702E-01,2.80649E-02
-2.23699E-01,2.92093E-02
-2.23695E-01,2.90567E-02
-2.23692E-01,2.95908E-02
-2.23689E-01,2.94382E-02
-2.23685E-01,2.94382E-02
-2.23682E-01,3.01248E-02
-2.23679E-01,3.00485E-02
-2.23676E-01,3.03537E-02
-2.23672E-01,3.05826E-02
-2.23669E-01,3.05826E-02
-2.23666E-01,3.05063E-02
-2.23662E-01,3.08878E-02
-2.23659E-01,3.18033E-02
-2.23656E-01,3.17270E-02
-2.23653E-01,3.21848E-02
-2.23649E-01,3.19559E-02
-2.23646E-01,3.18796E-02
-2.23643E-01,3.10403E-02
-2.23639E-01,3.05826E-02
-2.23636E-01,3.03537E-02
-2.23633E-01,2.99722E-02
-2.23629E-01,2.96671E-02
-2.23626E-01,2.94382E-02
-2.23623E-01,2.98196E-02
-2.23620E-01,2.95145E-02
-2.23616E-01,2.92856E-02
-2.23613E-01,2.98196E-02
-2.23610E-01,3.04300E-02
-2.23606E-01,3.06589E-02
-2.23603E-01,3.08115E-02
-2.23600E-01,3.15744E-02
-2.23596E-01,3.20322E-02
-2.23593E-01,3.17270E-02
-2.23590E-01,3.20322E-02
-2.23587E-01,3.18033E-02
-2.23583E-01,3.16507E-02
-2.23580E-01,3.05826E-02
-2.23577E-01,3.08115E-02
-2.23573E-01,3.01248E-02
-2.23570E-01,3.00485E-02
-2.23567E-01,3.08115E-02
-2.23564E-01,3.00485E-02
-2.23560E-01,2.97433E-02
-2.23557E-01,2.98959E-02
-2.23554E-01,2.95908E-02
-2.23550E-01,2.94382E-02
-2.23547E-01,3.01248E-02
-2.23544E-01,2.99722E-02
-2.23540E-01,3.02011E-02
-2.23537E-01,3.08878E-02
-2.23534E-01,3.11929E-02
-2.23531E-01,3.24136E-02
-2.23527E-01,3.21848E-02
-2.23524E-01,3.18796E-02
-2.23521E-01,3.15744E-02
-2.23517E-01,3.17270E-02
-2.23514E-01,3.02011E-02
-2.23511E-01,2.92856E-02
-2.23507E-01,2.81412E-02
-2.23504E-01,2.84464E-02
-2.23501E-01,2.77597E-02
-2.23498E-01,2.80649E-02
-2.23494E-01,2.86752E-02
-2.23491E-01,2.85989E-02
-2.23488E-01,2.88278E-02
-2.23484E-01,2.93619E-02
-2.23481E-01,2.93619E-02
-2.23478E-01,2.96671E-02
-2.23475E-01,2.98196E-02
-2.23471E-01,2.98959E-02
-2.23468E-01,3.02774E-02
-2.23465E-01,3.06589E-02
-2.23461E-01,3.05826E-02
-2.23458E-01,3.05826E-02
-2.23455E-01,3.02774E-02
-2.23451E-01,2.97433E-02
-2.23448E-01,3.01248E-02
-2.23445E-01,2.96671E-02
-2.23442E-01,3.07352E-02
-2.23438E-01,3.02011E-02
-2.23435E-01,3.00485E-02
-2.23432E-01,3.00485E-02
-2.23428E-01,2.99722E-02
-2.23425E-01,3.00485E-02
-2.23422E-01,3.02774E-02
-2.23418E-01,3.13455E-02
-2.23415E-01,3.07352E-02
-2.23412E-01,3.11929E-02
-2.23409E-01,3.15744E-02
-2.23405E-01,3.15744E-02
-2.23402E-01,3.18033E-02
-2.23399E-01,3.21085E-02
-2.23395E-01,3.18033E-02
-2.23392E-01,3.11929E-02
-2.23389E-01,3.12692E-02
-2.23386E-01,3.05063E-02
-2.23382E-01,3.08115E-02
-2.23379E-01,3.03537E-02
-2.23376E-01,3.07352E-02
-2.23372E-01,2.99722E-02
-2.23369E-01,3.02011E-02
-2.23366E-01,2.98196E-02
-2.23362E-01,2.89804E-02
-2.23359E-01,2.98196E-02
-2.23356E-01,2.92856E-02
-2.23353E-01,2.95145E-02
-2.23349E-01,3.02774E-02
-2.23346E-01,2.87515E-02
-2.23343E-01,2.87515E-02
-2.23339E-01,2.83701E-02
-2.23336E-01,2.80649E-02
-2.23333E-01,2.80649E-02
-2.23330E-01,2.89041E-02
-2.23326E-01,2.83701E-02
-2.23323E-01,2.82938E-02
-2.23320E-01,2.86752E-02
-2.23316E-01,2.90567E-02
-2.23313E-01,2.89041E-02
-2.23310E-01,2.93619E-02
-2.23306E-01,2.90567E-02
-2.23303E-01,2.92856E-02
-2.23300E-01,2.99722E-02
-2.23297E-01,2.94382E-02
-2.23293E-01,2.87515E-02
-2.23290E-01,2.87515E-02
-2.23287E-01,2.85989E-02
-2.23283E-01,2.82175E-02
-2.23280E-01,2.82938E-02
-2.23277E-01,2.82938E-02
-2.23273E-01,2.80649E-02
-2.23270E-01,2.88278E-02
-2.23267E-01,2.90567E-02
-2.23264E-01,2.91330E-02
-2.23260E-01,2.93619E-02
-2.23257E-01,2.92856E-02
-2.23254E-01,3.00485E-02
-2.23250E-01,3.10403E-02
-2.23247E-01,3.05826E-02
-2.23244E-01,3.14981E-02
-2.23241E-01,3.11166E-02
-2.23237E-01,3.11929E-02
-2.23234E-01,3.09641E-02
-2.23231E-01,3.11166E-02
-2.23227E-01,3.11929E-02
-2.23224E-01,3.21085E-02
-2.23221E-01,3.14981E-02
-2.23217E-01,3.14218E-02
-2.23214E-01,3.14981E-02
-2.23211E-01,3.02774E-02
-2.23208E-01,3.08878E-02
-2.23204E-01,3.11166E-02
-2.23201E-01,2.98959E-02
-2.23198E-01,2.97433E-02
-2.23194E-01,2.99722E-02
-2.23191E-01,2.92093E-02
-2.23188E-01,2.94382E-02
-2.23184E-01,2.97433E-02
-2.23181E-01,3.02011E-02
-2.23178E-01,2.98196E-02
-2.23175E-01,3.07352E-02
-2.23171E-01,2.90567E-02
-2.23168E-01,2.87515E-02
-2.23165E-01,2.82175E-02
-2.23161E-01,2.92093E-02
-2.23158E-01,2.86752E-02
-2.23155E-01,2.92856E-02
-2.23152E-01,2.93619E-02
-2.23148E-01,2.92093E-02
-2.23145E-01,3.02011E-02
-2.23142E-01,3.00485E-02
-2.23138E-01,3.08115E-02
-2.23135E-01,3.05063E-02
-2.23132E-01,3.14218E-02
-2.23128E-01,3.14218E-02
-2.23125E-01,3.16507E-02
-2.23122E-01,3.08115E-02
-2.23119E-01,3.08878E-02
-2.23115E-01,3.16507E-02
-2.23112E-01,3.18796E-02
-2.23109E-01,3.15744E-02
-2.23105E-01,3.12692E-02
-2.23102E-01,3.22610E-02
-2.23099E-01,3.14981E-02
-2.23095E-01,3.07352E-02
-2.23092E-01,3.08115E-02
-2.23089E-01,3.02774E-02
-2.23086E-01,3.03537E-02
-2.23082E-01,3.08878E-02
-2.23079E-01,3.08115E-02
-2.23076E-01,3.02774E-02
-2.23072E-01,3.02774E-02
-2.23069E-01,3.02011E-02
-2.23066E-01,2.98196E-02
-2.23063E-01,3.03537E-02
-2.23059E-01,2.97433E-02
-2.23056E-01,2.99722E-02
-2.23053E-01,3.03537E-02
-2.23049E-01,3.04300E-02
-2.23046E-01,3.05826E-02
-2.23043E-01,3.01248E-02
-2.23039E-01,2.96671E-02
-2.23036E-01,2.94382E-02
-2.23033E-01,2.98959E-02
-2.23030E-01,2.98196E-02
-2.23026E-01,2.99722E-02
-2.23023E-01,2.98959E-02
-2.23020E-01,2.95145E-02
-2.23016E-01,2.86752E-02
-2.23013E-01,2.89041E-02
-2.23010E-01,2.88278E-02
-2.23006E-01,2.83701E-02
-2.23003E-01,2.77597E-02
-2.23000E-01,2.84464E-02
-2.22997E-01,2.73782E-02
-2.22993E-01,2.69968E-02
-2.22990E-01,2.70731E-02
-2.22987E-01,2.78360E-02
-2.22983E-01,2.75308E-02
-2.22980E-01,2.88278E-02
-2.22977E-01,2.82938E-02
-2.22974E-01,2.85989E-02
-2.22970E-01,2.87515E-02
-2.22967E-01,2.82175E-02
-2.22964E-01,2.85226E-02
-2.22960E-01,2.84464E-02
-2.22957E-01,2.85226E-02
-2.22954E-01,2.87515E-02
-2.22950E-01,2.92093E-02
-2.22947E-01,3.01248E-02
-2.22944E-01,2.98959E-02
-2.22941E-01,3.14218E-02
-2.22937E-01,3.24136E-02
-2.22934E-01,3.23373E-02
-2.22931E-01,3.25662E-02
-2.22927E-01,3.31003E-02
-2.22924E-01,3.35580E-02
-2.22921E-01,3.34055E-02
-2.22918E-01,3.40921E-02
-2.22914E-01,3.35580E-02
-2.22911E-01,3.44736E-02
-2.22908E-01,3.40158E-02
-2.22904E-01,3.44736E-02
-2.22901E-01,3.49313E-02
-2.22898E-01,3.46262E-02
-2.22894E-01,3.42447E-02
-2.22891E-01,3.37869E-02
-2.22888E-01,3.32529E-02
-2.22885E-01,3.24899E-02
-2.22881E-01,3.25662E-02
-2.22878E-01,3.27951E-02
-2.22875E-01,3.23373E-02
-2.22871E-01,3.25662E-02
-2.22868E-01,3.21085E-02
-2.22865E-01,3.21848E-02
-2.22861E-01,3.27188E-02
-2.22858E-01,3.21085E-02
-2.22855E-01,3.30240E-02
-2.22852E-01,3.24136E-02
-2.22848E-01,3.22610E-02
-2.22845E-01,3.14981E-02
-2.22842E-01,3.05826E-02
-2.22838E-01,3.00485E-02
-2.22835E-01,2.92093E-02
-2.22832E-01,2.92093E-02
-2.22829E-01,2.89804E-02
-2.22825E-01,2.86752E-02
-2.22822E-01,2.86752E-02
-2.22819E-01,2.95145E-02
-2.22815E-01,3.00485E-02
-2.22812E-01,3.06589E-02
-2.22809E-01,3.14218E-02
-2.22805E-01,3.18033E-02
-2.22802E-01,3.24899E-02
-2.22799E-01,3.28714E-02
-2.22796E-01,3.21085E-02
-2.22792E-01,3.29477E-02
-2.22789E-01,3.19559E-02
-2.22786E-01,3.14981E-02
-2.22782E-01,3.10403E-02
-2.22779E-01,3.12692E-02
-2.22776E-01,3.08878E-02
-2.22772E-01,3.10403E-02
-2.22769E-01,2.99722E-02
-2.22766E-01,3.05063E-02
-2.22763E-01,3.07352E-02
-2.22759E-01,3.08115E-02
-2.22756E-01,3.07352E-02
-2.22753E-01,3.10403E-02
-2.22749E-01,3.14981E-02
-2.22746E-01,3.11929E-02
-2.22743E-01,3.17270E-02
-2.22740E-01,3.16507E-02
-2.22736E-01,3.08878E-02
-2.22733E-01,3.16507E-02
-2.22730E-01,3.21848E-02
-2.22726E-01,3.22610E-02
-2.22723E-01,3.21085E-02
-2.22720E-01,3.18033E-02
-2.22716E-01,3.27188E-02
-2.22713E-01,3.29477E-02
-2.22710E-01,3.34818E-02
